"Category","Colour Family","Design ID","Element ID","Exact Colour","Name","Price"
"Bricks, Special","Blue",3065,306543,"TR.BLUE","BRICK 1X2 WITHOUT PIN","£0.16"
"Bricks, Special","Blue",3065,306543,"TR.BLUE","BRICK 1X2 WITHOUT PIN","£0.16"
"Bricks, Special","Blue",3065,306543,"TR.BLUE","BRICK 1X2 WITHOUT PIN","£0.16"
"Bricks, Special","Blue",3065,306543,"TR.BLUE","BRICK 1X2 WITHOUT PIN","£0.16"
"Bricks, Special","Blue",3065,306543,"TR.BLUE","BRICK 1X2 WITHOUT PIN","£0.16"
"Bricks, Special","Blue",3065,306543,"TR.BLUE","BRICK 1X2 WITHOUT PIN","£0.16"
"Bricks, Special","Blue",3065,306543,"TR.BLUE","BRICK 1X2 WITHOUT PIN","£0.16"
"Bricks, Special","Blue",3065,306543,"TR.BLUE","BRICK 1X2 WITHOUT PIN","£0.16"
"Bricks, Special","Blue",3065,306543,"TR.BLUE","BRICK 1X2 WITHOUT PIN","£0.16"
"Bricks, Special","Blue",3065,306543,"TR.BLUE","BRICK 1X2 WITHOUT PIN","£0.16"
"Bricks, Special","Blue",3065,306543,"TR.BLUE","BRICK 1X2 WITHOUT PIN","£0.16"
"Bricks, Special","Blue",3065,306543,"TR.BLUE","BRICK 1X2 WITHOUT PIN","£0.16"
"Bricks, Special","Blue",3065,306543,"TR.BLUE","BRICK 1X2 WITHOUT PIN","£0.16"
"Bricks, Special","Blue",3065,306543,"TR.BLUE","BRICK 1X2 WITHOUT PIN","£0.16"
"Bricks, Special","Blue",3065,306543,"TR.BLUE","BRICK 1X2 WITHOUT PIN","£0.16"
"Bricks, Special","Blue",3065,306543,"TR.BLUE","BRICK 1X2 WITHOUT PIN","£0.16"
"Bricks, Special","Blue",3065,306543,"TR.BLUE","BRICK 1X2 WITHOUT PIN","£0.16"
"Bricks, Special","Blue",3065,306543,"TR.BLUE","BRICK 1X2 WITHOUT PIN","£0.16"
"Bricks, Special","Blue",3065,306543,"TR.BLUE","BRICK 1X2 WITHOUT PIN","£0.16"
"Bricks, Special","Blue",3065,306543,"TR.BLUE","BRICK 1X2 WITHOUT PIN","£0.16"
"Bricks, Special","Blue",3065,306543,"TR.BLUE","BRICK 1X2 WITHOUT PIN","£0.16"
"Bricks, Special","Blue",3065,306543,"TR.BLUE","BRICK 1X2 WITHOUT PIN","£0.16"
"Bricks, Special","Blue",3065,306543,"TR.BLUE","BRICK 1X2 WITHOUT PIN","£0.16"
"Bricks, Special","Blue",3065,306543,"TR.BLUE","BRICK 1X2 WITHOUT PIN","£0.16"
"Bricks, Special","Blue",3065,306543,"TR.BLUE","BRICK 1X2 WITHOUT PIN","£0.16"
"Bricks, Special","Blue",3065,306543,"TR.BLUE","BRICK 1X2 WITHOUT PIN","£0.16"
"Bricks, Special","Blue",3065,306543,"TR.BLUE","BRICK 1X2 WITHOUT PIN","£0.16"
"Bricks, Special","Blue",3065,306543,"TR.BLUE","BRICK 1X2 WITHOUT PIN","£0.16"
"Bricks, Special","Blue",3065,306543,"TR.BLUE","BRICK 1X2 WITHOUT PIN","£0.16"
"Bricks, Special","Blue",3065,306543,"TR.BLUE","BRICK 1X2 WITHOUT PIN","£0.16"
"Bricks, Special","Blue",3065,306543,"TR.BLUE","BRICK 1X2 WITHOUT PIN","£0.16"
"Bricks, Special","Blue",3065,306543,"TR.BLUE","BRICK 1X2 WITHOUT PIN","£0.16"
"Bricks, Special","Blue",3065,306543,"TR.BLUE","BRICK 1X2 WITHOUT PIN","£0.16"
"Bricks, Special","Blue",3065,306543,"TR.BLUE","BRICK 1X2 WITHOUT PIN","£0.16"
"Bricks, Special","Blue",3065,306543,"TR.BLUE","BRICK 1X2 WITHOUT PIN","£0.16"
"Bricks, Special","Blue",3065,306543,"TR.BLUE","BRICK 1X2 WITHOUT PIN","£0.16"
"Bricks, Special","Blue",3065,306543,"TR.BLUE","BRICK 1X2 WITHOUT PIN","£0.16"
"Bricks, Special","Blue",3065,306543,"TR.BLUE","BRICK 1X2 WITHOUT PIN","£0.16"
"Bricks, Special","Blue",3065,306543,"TR.BLUE","BRICK 1X2 WITHOUT PIN","£0.16"
"Bricks, Special","Blue",3065,306543,"TR.BLUE","BRICK 1X2 WITHOUT PIN","£0.16"
"Bricks, Special","Blue",3065,306543,"TR.BLUE","BRICK 1X2 WITHOUT PIN","£0.16"
"Bricks, Special","Blue",3065,306543,"TR.BLUE","BRICK 1X2 WITHOUT PIN","£0.16"
"Bricks, Special","Blue",3065,306543,"TR.BLUE","BRICK 1X2 WITHOUT PIN","£0.16"
"Bricks, Special","Blue",3065,306543,"TR.BLUE","BRICK 1X2 WITHOUT PIN","£0.16"
"Bricks, Special","Blue",3065,306543,"TR.BLUE","BRICK 1X2 WITHOUT PIN","£0.16"
"Bricks, Special","Blue",3065,306543,"TR.BLUE","BRICK 1X2 WITHOUT PIN","£0.16"
"Bricks, Special","Blue",3065,306543,"TR.BLUE","BRICK 1X2 WITHOUT PIN","£0.16"
"Bricks, Special","Blue",3065,306543,"TR.BLUE","BRICK 1X2 WITHOUT PIN","£0.16"
"Bricks, Special","Blue",3065,306543,"TR.BLUE","BRICK 1X2 WITHOUT PIN","£0.16"
"Bricks, Special","Blue",3065,306543,"TR.BLUE","BRICK 1X2 WITHOUT PIN","£0.16"
"Bricks, Special","Blue",3065,306543,"TR.BLUE","BRICK 1X2 WITHOUT PIN","£0.16"
"Bricks, Special","Blue",3065,306543,"TR.BLUE","BRICK 1X2 WITHOUT PIN","£0.16"
"Bricks, Special","Blue",3065,306543,"TR.BLUE","BRICK 1X2 WITHOUT PIN","£0.16"
"Bricks, Special","Blue",3065,306543,"TR.BLUE","BRICK 1X2 WITHOUT PIN","£0.16"
"Bricks, Special","Blue",3065,306543,"TR.BLUE","BRICK 1X2 WITHOUT PIN","£0.16"
"Bricks, Special","Blue",3065,306543,"TR.BLUE","BRICK 1X2 WITHOUT PIN","£0.16"
"Bricks, Special","Blue",3065,306543,"TR.BLUE","BRICK 1X2 WITHOUT PIN","£0.16"
"Bricks, Special","Blue",3065,306543,"TR.BLUE","BRICK 1X2 WITHOUT PIN","£0.16"
"Bricks, Special","Blue",3065,306543,"TR.BLUE","BRICK 1X2 WITHOUT PIN","£0.16"
"Bricks, Special","Blue",3065,306543,"TR.BLUE","BRICK 1X2 WITHOUT PIN","£0.16"
"Bricks, Special","Blue",3065,306543,"TR.BLUE","BRICK 1X2 WITHOUT PIN","£0.16"
"Bricks, Special","Blue",3065,306543,"TR.BLUE","BRICK 1X2 WITHOUT PIN","£0.16"
"Bricks, Special","Blue",3065,306543,"TR.BLUE","BRICK 1X2 WITHOUT PIN","£0.16"
"Bricks, Special","Blue",3823,4112808,"TR.BLUE","WINDSCREEN 2X4X2",
"Bricks, Special","Blue",3823,4112808,"TR.BLUE","WINDSCREEN 2X4X2",
"Bricks, Special","Blue",3823,4112808,"TR.BLUE","WINDSCREEN 2X4X2",
"Bricks, Special","Blue",3823,4112808,"TR.BLUE","WINDSCREEN 2X4X2",
"Bricks, Special","Blue",3823,4112808,"TR.BLUE","WINDSCREEN 2X4X2",
"Bricks, Special","Blue",3823,4112808,"TR.BLUE","WINDSCREEN 2X4X2",
"Bricks, Special","Blue",3823,4112808,"TR.BLUE","WINDSCREEN 2X4X2",
"Bricks, Special","Blue",3823,4112808,"TR.BLUE","WINDSCREEN 2X4X2",
"Bricks, Special","Blue",3823,4112808,"TR.BLUE","WINDSCREEN 2X4X2",
"Bricks, Special","Blue",3823,4112808,"TR.BLUE","WINDSCREEN 2X4X2",
"Bricks, Special","Blue",3823,4112808,"TR.BLUE","WINDSCREEN 2X4X2",
"Bricks, Special","Blue",3823,4112808,"TR.BLUE","WINDSCREEN 2X4X2",
"Bricks, Special","Blue",3823,4112808,"TR.BLUE","WINDSCREEN 2X4X2",
"Bricks, Special","Blue",6116,611643,"TR.BLUE","BRICK 2X2 ROUND II",
"Bricks, Special","Blue",6116,611643,"TR.BLUE","BRICK 2X2 ROUND II",
"Bricks, Special","Blue",6116,611643,"TR.BLUE","BRICK 2X2 ROUND II",
"Bricks, Special","Blue",6116,611643,"TR.BLUE","BRICK 2X2 ROUND II",
"Bricks, Special","Blue",6116,611643,"TR.BLUE","BRICK 2X2 ROUND II",
"Bricks, Special","Blue",6116,611643,"TR.BLUE","BRICK 2X2 ROUND II",
"Bricks, Special","Blue",6116,611643,"TR.BLUE","BRICK 2X2 ROUND II",
"Bricks, Special","Blue",6116,611643,"TR.BLUE","BRICK 2X2 ROUND II",
"Bricks, Special","Blue",6116,611643,"TR.BLUE","BRICK 2X2 ROUND II",
"Bricks, Special","Blue",6188,618843,"TR.BLUE","NOSE CONE SMALL 1X1 - TR",
"Bricks, Special","Blue",6188,618843,"TR.BLUE","NOSE CONE SMALL 1X1 - TR",
"Bricks, Special","Blue",6188,618843,"TR.BLUE","NOSE CONE SMALL 1X1 - TR",
"Bricks, Special","Blue",6188,618843,"TR.BLUE","NOSE CONE SMALL 1X1 - TR",
"Bricks, Special","Blue",6188,618843,"TR.BLUE","NOSE CONE SMALL 1X1 - TR",
"Bricks, Special","Blue",6188,618843,"TR.BLUE","NOSE CONE SMALL 1X1 - TR",
"Bricks, Special","Blue",6188,618843,"TR.BLUE","NOSE CONE SMALL 1X1 - TR",
"Bricks, Special","Blue",6188,618843,"TR.BLUE","NOSE CONE SMALL 1X1 - TR",
"Bricks, Special","Blue",6188,618843,"TR.BLUE","NOSE CONE SMALL 1X1 - TR",
"Bricks, Special","Blue",6188,618843,"TR.BLUE","NOSE CONE SMALL 1X1 - TR",
"Bricks, Special","Blue",6188,618843,"TR.BLUE","NOSE CONE SMALL 1X1 - TR",
"Bricks, Special","Blue",6188,618843,"TR.BLUE","NOSE CONE SMALL 1X1 - TR",
"Bricks, Special","Blue",6188,618843,"TR.BLUE","NOSE CONE SMALL 1X1 - TR",
"Bricks, Special","Blue",6188,618843,"TR.BLUE","NOSE CONE SMALL 1X1 - TR",
"Bricks, Special","Blue",6188,618843,"TR.BLUE","NOSE CONE SMALL 1X1 - TR",
"Bricks, Special","Blue",6188,618843,"TR.BLUE","NOSE CONE SMALL 1X1 - TR",
"Bricks, Special","Blue",6188,618843,"TR.BLUE","NOSE CONE SMALL 1X1 - TR",
"Bricks, Special","Blue",6188,618843,"TR.BLUE","NOSE CONE SMALL 1X1 - TR",
"Bricks, Special","Blue",6188,618843,"TR.BLUE","NOSE CONE SMALL 1X1 - TR",
"Bricks, Special","Blue",6188,618843,"TR.BLUE","NOSE CONE SMALL 1X1 - TR",
"Bricks, Special","Blue",6188,618843,"TR.BLUE","NOSE CONE SMALL 1X1 - TR",
"Bricks, Special","Blue",6188,618843,"TR.BLUE","NOSE CONE SMALL 1X1 - TR",
"Bricks, Special","Blue",6188,618843,"TR.BLUE","NOSE CONE SMALL 1X1 - TR",
"Bricks, Special","Blue",6223,4144387,"TR.BLUE","BRICK 2X2 - TR.","£0.24"
"Bricks, Special","Blue",6223,4144387,"TR.BLUE","BRICK 2X2 - TR.","£0.24"
"Bricks, Special","Blue",6223,4144387,"TR.BLUE","BRICK 2X2 - TR.","£0.24"
"Bricks, Special","Blue",6223,4144387,"TR.BLUE","BRICK 2X2 - TR.","£0.24"
"Bricks, Special","Blue",6223,4144387,"TR.BLUE","BRICK 2X2 - TR.","£0.24"
"Bricks, Special","Blue",6223,4144387,"TR.BLUE","BRICK 2X2 - TR.","£0.24"
"Bricks, Special","Blue",6223,4144387,"TR.BLUE","BRICK 2X2 - TR.","£0.24"
"Bricks, Special","Blue",6223,4144387,"TR.BLUE","BRICK 2X2 - TR.","£0.24"
"Bricks, Special","Blue",6223,4144387,"TR.BLUE","BRICK 2X2 - TR.","£0.24"
"Bricks, Special","Blue",6223,4144387,"TR.BLUE","BRICK 2X2 - TR.","£0.24"
"Bricks, Special","Blue",6223,4144387,"TR.BLUE","BRICK 2X2 - TR.","£0.24"
"Bricks, Special","Blue",6223,4144387,"TR.BLUE","BRICK 2X2 - TR.","£0.24"
"Bricks, Special","Blue",6223,4144387,"TR.BLUE","BRICK 2X2 - TR.","£0.24"
"Bricks, Special","Blue",6223,4144387,"TR.BLUE","BRICK 2X2 - TR.","£0.24"
"Bricks, Special","Blue",6223,4144387,"TR.BLUE","BRICK 2X2 - TR.","£0.24"
"Bricks, Special","Blue",6223,4144387,"TR.BLUE","BRICK 2X2 - TR.","£0.24"
"Bricks, Special","Blue",6223,4144387,"TR.BLUE","BRICK 2X2 - TR.","£0.24"
"Bricks, Special","Blue",6223,4144387,"TR.BLUE","BRICK 2X2 - TR.","£0.24"
"Bricks, Special","Blue",6223,4144387,"TR.BLUE","BRICK 2X2 - TR.","£0.24"
"Bricks, Special","Blue",6223,4144387,"TR.BLUE","BRICK 2X2 - TR.","£0.24"
"Bricks, Special","Blue",6223,4144387,"TR.BLUE","BRICK 2X2 - TR.","£0.24"
"Bricks, Special","Blue",6223,4144387,"TR.BLUE","BRICK 2X2 - TR.","£0.24"
"Bricks, Special","Blue",6223,4144387,"TR.BLUE","BRICK 2X2 - TR.","£0.24"
"Bricks, Special","Blue",6223,4144387,"TR.BLUE","BRICK 2X2 - TR.","£0.24"
"Bricks, Special","Blue",6223,4144387,"TR.BLUE","BRICK 2X2 - TR.","£0.24"
"Bricks, Special","Blue",6223,4144387,"TR.BLUE","BRICK 2X2 - TR.","£0.24"
"Bricks, Special","Blue",6223,4144387,"TR.BLUE","BRICK 2X2 - TR.","£0.24"
"Bricks, Special","Blue",6223,4144387,"TR.BLUE","BRICK 2X2 - TR.","£0.24"
"Bricks, Special","Blue",6223,4144387,"TR.BLUE","BRICK 2X2 - TR.","£0.24"
"Bricks, Special","Blue",6223,4144387,"TR.BLUE","BRICK 2X2 - TR.","£0.24"
"Bricks, Special","Blue",6223,4144387,"TR.BLUE","BRICK 2X2 - TR.","£0.24"
"Bricks, Special","Blue",6223,4144387,"TR.BLUE","BRICK 2X2 - TR.","£0.24"
"Bricks, Special","Blue",6223,4144387,"TR.BLUE","BRICK 2X2 - TR.","£0.24"
"Bricks, Special","Blue",6223,4144387,"TR.BLUE","BRICK 2X2 - TR.","£0.24"
"Bricks, Special","Blue",6223,4144387,"TR.BLUE","BRICK 2X2 - TR.","£0.24"
"Bricks, Special","Blue",6223,4144387,"TR.BLUE","BRICK 2X2 - TR.","£0.24"
"Bricks, Special","Blue",6223,4144387,"TR.BLUE","BRICK 2X2 - TR.","£0.24"
"Bricks, Special","Blue",6223,4144387,"TR.BLUE","BRICK 2X2 - TR.","£0.24"
"Bricks, Special","Blue",6223,4144387,"TR.BLUE","BRICK 2X2 - TR.","£0.24"
"Bricks, Special","Blue",6223,4144387,"TR.BLUE","BRICK 2X2 - TR.","£0.24"
"Bricks, Special","Blue",6223,4144387,"TR.BLUE","BRICK 2X2 - TR.","£0.24"
"Bricks, Special","Blue",6223,4144387,"TR.BLUE","BRICK 2X2 - TR.","£0.24"
"Bricks, Special","Blue",6223,4144387,"TR.BLUE","BRICK 2X2 - TR.","£0.24"
"Bricks, Special","Blue",6223,4144387,"TR.BLUE","BRICK 2X2 - TR.","£0.24"
"Bricks, Special","Blue",6225,4260426,"TR.BLUE","PLATE 1X2 - TR.","£0.07"
"Bricks, Special","Blue",6225,4260426,"TR.BLUE","PLATE 1X2 - TR.","£0.07"
"Bricks, Special","Blue",6225,4260426,"TR.BLUE","PLATE 1X2 - TR.","£0.07"
"Bricks, Special","Blue",6225,4260426,"TR.BLUE","PLATE 1X2 - TR.","£0.07"
"Bricks, Special","Blue",6225,4260426,"TR.BLUE","PLATE 1X2 - TR.","£0.07"
"Bricks, Special","Blue",6225,4260426,"TR.BLUE","PLATE 1X2 - TR.","£0.07"
"Bricks, Special","Blue",6225,4260426,"TR.BLUE","PLATE 1X2 - TR.","£0.07"
"Bricks, Special","Blue",6225,4260426,"TR.BLUE","PLATE 1X2 - TR.","£0.07"
"Bricks, Special","Blue",6225,4260426,"TR.BLUE","PLATE 1X2 - TR.","£0.07"
"Bricks, Special","Blue",6225,4260426,"TR.BLUE","PLATE 1X2 - TR.","£0.07"
"Bricks, Special","Blue",6225,4260426,"TR.BLUE","PLATE 1X2 - TR.","£0.07"
"Bricks, Special","Blue",6225,4260426,"TR.BLUE","PLATE 1X2 - TR.","£0.07"
"Bricks, Special","Blue",6225,4260426,"TR.BLUE","PLATE 1X2 - TR.","£0.07"
"Bricks, Special","Blue",6225,4260426,"TR.BLUE","PLATE 1X2 - TR.","£0.07"
"Bricks, Special","Blue",6225,4260426,"TR.BLUE","PLATE 1X2 - TR.","£0.07"
"Bricks, Special","Blue",6225,4260426,"TR.BLUE","PLATE 1X2 - TR.","£0.07"
"Bricks, Special","Blue",6225,4260426,"TR.BLUE","PLATE 1X2 - TR.","£0.07"
"Bricks, Special","Blue",6225,4260426,"TR.BLUE","PLATE 1X2 - TR.","£0.07"
"Bricks, Special","Blue",6225,4260426,"TR.BLUE","PLATE 1X2 - TR.","£0.07"
"Bricks, Special","Blue",6225,4260426,"TR.BLUE","PLATE 1X2 - TR.","£0.07"
"Bricks, Special","Blue",6225,4260426,"TR.BLUE","PLATE 1X2 - TR.","£0.07"
"Bricks, Special","Blue",6225,4260426,"TR.BLUE","PLATE 1X2 - TR.","£0.07"
"Bricks, Special","Blue",6225,4260426,"TR.BLUE","PLATE 1X2 - TR.","£0.07"
"Bricks, Special","Blue",6225,4260426,"TR.BLUE","PLATE 1X2 - TR.","£0.07"
"Bricks, Special","Blue",6225,4260426,"TR.BLUE","PLATE 1X2 - TR.","£0.07"
"Bricks, Special","Blue",6225,4260426,"TR.BLUE","PLATE 1X2 - TR.","£0.07"
"Bricks, Special","Blue",6225,4260426,"TR.BLUE","PLATE 1X2 - TR.","£0.07"
"Bricks, Special","Blue",6225,4260426,"TR.BLUE","PLATE 1X2 - TR.","£0.07"
"Bricks, Special","Blue",6225,4260426,"TR.BLUE","PLATE 1X2 - TR.","£0.07"
"Bricks, Special","Blue",6225,4260426,"TR.BLUE","PLATE 1X2 - TR.","£0.07"
"Bricks, Special","Blue",6225,4260426,"TR.BLUE","PLATE 1X2 - TR.","£0.07"
"Bricks, Special","Blue",6225,4260426,"TR.BLUE","PLATE 1X2 - TR.","£0.07"
"Bricks, Special","Blue",6225,4260426,"TR.BLUE","PLATE 1X2 - TR.","£0.07"
"Bricks, Special","Blue",6225,4260426,"TR.BLUE","PLATE 1X2 - TR.","£0.07"
"Bricks, Special","Blue",6225,4260426,"TR.BLUE","PLATE 1X2 - TR.","£0.07"
"Bricks, Special","Blue",6225,4260426,"TR.BLUE","PLATE 1X2 - TR.","£0.07"
"Bricks, Special","Blue",6225,4260426,"TR.BLUE","PLATE 1X2 - TR.","£0.07"
"Bricks, Special","Blue",6225,4260426,"TR.BLUE","PLATE 1X2 - TR.","£0.07"
"Bricks, Special","Blue",6225,4260426,"TR.BLUE","PLATE 1X2 - TR.","£0.07"
"Bricks, Special","Blue",6225,4260426,"TR.BLUE","PLATE 1X2 - TR.","£0.07"
"Bricks, Special","Blue",6225,4260426,"TR.BLUE","PLATE 1X2 - TR.","£0.07"
"Bricks, Special","Blue",6225,4260426,"TR.BLUE","PLATE 1X2 - TR.","£0.07"
"Bricks, Special","Blue",6225,4260426,"TR.BLUE","PLATE 1X2 - TR.","£0.07"
"Bricks, Special","Blue",6225,4260426,"TR.BLUE","PLATE 1X2 - TR.","£0.07"
"Bricks, Special","Blue",6225,4260426,"TR.BLUE","PLATE 1X2 - TR.","£0.07"
"Bricks, Special","Blue",6225,4260426,"TR.BLUE","PLATE 1X2 - TR.","£0.07"
"Bricks, Special","Blue",6225,4260426,"TR.BLUE","PLATE 1X2 - TR.","£0.07"
"Bricks, Special","Blue",6225,4260426,"TR.BLUE","PLATE 1X2 - TR.","£0.07"
"Bricks, Special","Blue",6225,4260426,"TR.BLUE","PLATE 1X2 - TR.","£0.07"
"Bricks, Special","Blue",6225,4260426,"TR.BLUE","PLATE 1X2 - TR.","£0.07"
"Bricks, Special","Blue",6225,4260426,"TR.BLUE","PLATE 1X2 - TR.","£0.07"
"Bricks, Special","Blue",6225,4260426,"TR.BLUE","PLATE 1X2 - TR.","£0.07"
"Bricks, Special","Blue",6227,622743,"TR.BLUE","ROOF TILE 2X2/45° - TR.","£0.20"
"Bricks, Special","Blue",6227,622743,"TR.BLUE","ROOF TILE 2X2/45° - TR.","£0.20"
"Bricks, Special","Blue",6227,622743,"TR.BLUE","ROOF TILE 2X2/45° - TR.","£0.20"
"Bricks, Special","Blue",6227,622743,"TR.BLUE","ROOF TILE 2X2/45° - TR.","£0.20"
"Bricks, Special","Blue",6227,622743,"TR.BLUE","ROOF TILE 2X2/45° - TR.","£0.20"
"Bricks, Special","Blue",6227,622743,"TR.BLUE","ROOF TILE 2X2/45° - TR.","£0.20"
"Bricks, Special","Blue",6227,622743,"TR.BLUE","ROOF TILE 2X2/45° - TR.","£0.20"
"Bricks, Special","Blue",6227,622743,"TR.BLUE","ROOF TILE 2X2/45° - TR.","£0.20"
"Bricks, Special","Blue",6227,622743,"TR.BLUE","ROOF TILE 2X2/45° - TR.","£0.20"
"Bricks, Special","Blue",6227,622743,"TR.BLUE","ROOF TILE 2X2/45° - TR.","£0.20"
"Bricks, Special","Blue",6227,622743,"TR.BLUE","ROOF TILE 2X2/45° - TR.","£0.20"
"Bricks, Special","Blue",6227,622743,"TR.BLUE","ROOF TILE 2X2/45° - TR.","£0.20"
"Bricks, Special","Blue",6227,622743,"TR.BLUE","ROOF TILE 2X2/45° - TR.","£0.20"
"Bricks, Special","Blue",6227,622743,"TR.BLUE","ROOF TILE 2X2/45° - TR.","£0.20"
"Bricks, Special","Blue",6227,622743,"TR.BLUE","ROOF TILE 2X2/45° - TR.","£0.20"
"Bricks, Special","Blue",6227,622743,"TR.BLUE","ROOF TILE 2X2/45° - TR.","£0.20"
"Bricks, Special","Blue",6227,622743,"TR.BLUE","ROOF TILE 2X2/45° - TR.","£0.20"
"Bricks, Special","Blue",6227,622743,"TR.BLUE","ROOF TILE 2X2/45° - TR.","£0.20"
"Bricks, Special","Blue",6227,622743,"TR.BLUE","ROOF TILE 2X2/45° - TR.","£0.20"
"Bricks, Special","Blue",6227,622743,"TR.BLUE","ROOF TILE 2X2/45° - TR.","£0.20"
"Bricks, Special","Blue",6227,622743,"TR.BLUE","ROOF TILE 2X2/45° - TR.","£0.20"
"Bricks, Special","Blue",6227,622743,"TR.BLUE","ROOF TILE 2X2/45° - TR.","£0.20"
"Bricks, Special","Blue",6227,622743,"TR.BLUE","ROOF TILE 2X2/45° - TR.","£0.20"
"Bricks, Special","Blue",6227,622743,"TR.BLUE","ROOF TILE 2X2/45° - TR.","£0.20"
"Bricks, Special","Blue",6227,622743,"TR.BLUE","ROOF TILE 2X2/45° - TR.","£0.20"
"Bricks, Special","Blue",6227,622743,"TR.BLUE","ROOF TILE 2X2/45° - TR.","£0.20"
"Bricks, Special","Blue",6227,622743,"TR.BLUE","ROOF TILE 2X2/45° - TR.","£0.20"
"Bricks, Special","Blue",6227,622743,"TR.BLUE","ROOF TILE 2X2/45° - TR.","£0.20"
"Bricks, Special","Blue",6227,622743,"TR.BLUE","ROOF TILE 2X2/45° - TR.","£0.20"
"Bricks, Special","Blue",6227,622743,"TR.BLUE","ROOF TILE 2X2/45° - TR.","£0.20"
"Bricks, Special","Blue",6227,622743,"TR.BLUE","ROOF TILE 2X2/45° - TR.","£0.20"
"Bricks, Special","Blue",6227,622743,"TR.BLUE","ROOF TILE 2X2/45° - TR.","£0.20"
"Bricks, Special","Blue",6227,622743,"TR.BLUE","ROOF TILE 2X2/45° - TR.","£0.20"
"Bricks, Special","Blue",6227,622743,"TR.BLUE","ROOF TILE 2X2/45° - TR.","£0.20"
"Bricks, Special","Blue",6227,622743,"TR.BLUE","ROOF TILE 2X2/45° - TR.","£0.20"
"Bricks, Special","Blue",6227,622743,"TR.BLUE","ROOF TILE 2X2/45° - TR.","£0.20"
"Bricks, Special","Blue",6227,622743,"TR.BLUE","ROOF TILE 2X2/45° - TR.","£0.20"
"Bricks, Special","Blue",6227,622743,"TR.BLUE","ROOF TILE 2X2/45° - TR.","£0.20"
"Bricks, Special","Blue",6227,622743,"TR.BLUE","ROOF TILE 2X2/45° - TR.","£0.20"
"Bricks, Special","Blue",6227,622743,"TR.BLUE","ROOF TILE 2X2/45° - TR.","£0.20"
"Bricks, Special","Blue",6227,622743,"TR.BLUE","ROOF TILE 2X2/45° - TR.","£0.20"
"Bricks, Special","Blue",6227,622743,"TR.BLUE","ROOF TILE 2X2/45° - TR.","£0.20"
"Bricks, Special","Blue",6227,622743,"TR.BLUE","ROOF TILE 2X2/45° - TR.","£0.20"
"Bricks, Special","Blue",6227,622743,"TR.BLUE","ROOF TILE 2X2/45° - TR.","£0.20"
"Bricks, Special","Blue",6227,622743,"TR.BLUE","ROOF TILE 2X2/45° - TR.","£0.20"
"Bricks, Special","Blue",6227,622743,"TR.BLUE","ROOF TILE 2X2/45° - TR.","£0.20"
"Bricks, Special","Blue",6227,622743,"TR.BLUE","ROOF TILE 2X2/45° - TR.","£0.20"
"Bricks, Special","Blue",6227,622743,"TR.BLUE","ROOF TILE 2X2/45° - TR.","£0.20"
"Bricks, Special","Blue",6227,622743,"TR.BLUE","ROOF TILE 2X2/45° - TR.","£0.20"
"Bricks, Special","Blue",6227,622743,"TR.BLUE","ROOF TILE 2X2/45° - TR.","£0.20"
"Bricks, Special","Blue",6227,622743,"TR.BLUE","ROOF TILE 2X2/45° - TR.","£0.20"
"Bricks, Special","Blue",6227,622743,"TR.BLUE","ROOF TILE 2X2/45° - TR.","£0.20"
"Bricks, Special","Blue",6227,622743,"TR.BLUE","ROOF TILE 2X2/45° - TR.","£0.20"
"Bricks, Special","Blue",6227,622743,"TR.BLUE","ROOF TILE 2X2/45° - TR.","£0.20"
"Bricks, Special","Blue",6227,622743,"TR.BLUE","ROOF TILE 2X2/45° - TR.","£0.20"
"Bricks, Special","Blue",6227,622743,"TR.BLUE","ROOF TILE 2X2/45° - TR.","£0.20"
"Bricks, Special","Blue",6227,622743,"TR.BLUE","ROOF TILE 2X2/45° - TR.","£0.20"
"Bricks, Special","Blue",6227,622743,"TR.BLUE","ROOF TILE 2X2/45° - TR.","£0.20"
"Bricks, Special","Blue",6227,622743,"TR.BLUE","ROOF TILE 2X2/45° - TR.","£0.20"
"Bricks, Special","Blue",6227,622743,"TR.BLUE","ROOF TILE 2X2/45° - TR.","£0.20"
"Bricks, Special","Blue",6227,622743,"TR.BLUE","ROOF TILE 2X2/45° - TR.","£0.20"
"Bricks, Special","Blue",6238,623843,"TR.BLUE","FRONT 4X4X1",
"Bricks, Special","Blue",6238,623843,"TR.BLUE","FRONT 4X4X1",
"Bricks, Special","Blue",6238,623843,"TR.BLUE","FRONT 4X4X1",
"Bricks, Special","Blue",6238,623843,"TR.BLUE","FRONT 4X4X1",
"Bricks, Special","Blue",6238,623843,"TR.BLUE","FRONT 4X4X1",
"Bricks, Special","Blue",6238,623843,"TR.BLUE","FRONT 4X4X1",
"Bricks, Special","Blue",6238,623843,"TR.BLUE","FRONT 4X4X1",
"Bricks, Special","Blue",6238,623843,"TR.BLUE","FRONT 4X4X1",
"Bricks, Special","Blue",6238,623843,"TR.BLUE","FRONT 4X4X1",
"Bricks, Special","Blue",6238,623843,"TR.BLUE","FRONT 4X4X1",
"Bricks, Special","Blue",6238,623843,"TR.BLUE","FRONT 4X4X1",
"Bricks, Special","Blue",6270,4109710,"TR.BLUE","ROOF TILE 1X2/45° - TR.",
"Bricks, Special","Blue",6270,4109710,"TR.BLUE","ROOF TILE 1X2/45° - TR.",
"Bricks, Special","Blue",6270,4109710,"TR.BLUE","ROOF TILE 1X2/45° - TR.",
"Bricks, Special","Blue",6270,4109710,"TR.BLUE","ROOF TILE 1X2/45° - TR.",
"Bricks, Special","Blue",6270,4109710,"TR.BLUE","ROOF TILE 1X2/45° - TR.",
"Bricks, Special","Blue",6270,4109710,"TR.BLUE","ROOF TILE 1X2/45° - TR.",
"Bricks, Special","Blue",6270,4109710,"TR.BLUE","ROOF TILE 1X2/45° - TR.",
"Bricks, Special","Blue",6270,4109710,"TR.BLUE","ROOF TILE 1X2/45° - TR.",
"Bricks, Special","Blue",6270,4109710,"TR.BLUE","ROOF TILE 1X2/45° - TR.",
"Bricks, Special","Blue",6270,4109710,"TR.BLUE","ROOF TILE 1X2/45° - TR.",
"Bricks, Special","Blue",6270,4109710,"TR.BLUE","ROOF TILE 1X2/45° - TR.",
"Bricks, Special","Blue",6270,4109710,"TR.BLUE","ROOF TILE 1X2/45° - TR.",
"Bricks, Special","Blue",6270,4109710,"TR.BLUE","ROOF TILE 1X2/45° - TR.",
"Bricks, Special","Blue",6270,4109710,"TR.BLUE","ROOF TILE 1X2/45° - TR.",
"Bricks, Special","Blue",6270,4109710,"TR.BLUE","ROOF TILE 1X2/45° - TR.",
"Bricks, Special","Blue",6270,4109710,"TR.BLUE","ROOF TILE 1X2/45° - TR.",
"Bricks, Special","Blue",6270,4109710,"TR.BLUE","ROOF TILE 1X2/45° - TR.",
"Bricks, Special","Blue",6270,4109710,"TR.BLUE","ROOF TILE 1X2/45° - TR.",
"Bricks, Special","Blue",6270,4109710,"TR.BLUE","ROOF TILE 1X2/45° - TR.",
"Bricks, Special","Blue",6270,4109710,"TR.BLUE","ROOF TILE 1X2/45° - TR.",
"Bricks, Special","Blue",6270,4109710,"TR.BLUE","ROOF TILE 1X2/45° - TR.",
"Bricks, Special","Blue",6270,4109710,"TR.BLUE","ROOF TILE 1X2/45° - TR.",
"Bricks, Special","Blue",6270,4109710,"TR.BLUE","ROOF TILE 1X2/45° - TR.",
"Bricks, Special Circles And Angles","Blue",14533,6139220,"TR.BLUE","SHELL A 4M BALL SNAP Ø10.2",
"Bricks, Special","Blue",15303,6065898,"TR.BLUE","ARROW 8M FOR SPRING SHOOTER","£0.18"
"Bricks, Special","Blue",15303,6065898,"TR.BLUE","ARROW 8M FOR SPRING SHOOTER","£0.18"
"Bricks, Special","Blue",15303,6065898,"TR.BLUE","ARROW 8M FOR SPRING SHOOTER","£0.18"
"Bricks, Special","Blue",15303,6065898,"TR.BLUE","ARROW 8M FOR SPRING SHOOTER","£0.18"
"Bricks, Special","Blue",15303,6065898,"TR.BLUE","ARROW 8M FOR SPRING SHOOTER","£0.18"
"Bricks, Special","Blue",15303,6065898,"TR.BLUE","ARROW 8M FOR SPRING SHOOTER","£0.18"
"Bricks, Special","Blue",15303,6065898,"TR.BLUE","ARROW 8M FOR SPRING SHOOTER","£0.18"
"Bricks, Special","Blue",15303,6065898,"TR.BLUE","ARROW 8M FOR SPRING SHOOTER","£0.18"
"Bricks, Special","Blue",15303,6065898,"TR.BLUE","ARROW 8M FOR SPRING SHOOTER","£0.18"
"Bricks, Special","Blue",15303,6065898,"TR.BLUE","ARROW 8M FOR SPRING SHOOTER","£0.18"
"Bricks, Special","Blue",15303,6065898,"TR.BLUE","ARROW 8M FOR SPRING SHOOTER","£0.18"
"Bricks, Special","Blue",15303,6065898,"TR.BLUE","ARROW 8M FOR SPRING SHOOTER","£0.18"
"Bricks, Special","Blue",15303,6065898,"TR.BLUE","ARROW 8M FOR SPRING SHOOTER","£0.18"
"Bricks, Special","Blue",15303,6065898,"TR.BLUE","ARROW 8M FOR SPRING SHOOTER","£0.18"
"Bricks, Special","Blue",15303,6065898,"TR.BLUE","ARROW 8M FOR SPRING SHOOTER","£0.18"
"Bricks, Special","Blue",20304,6104423,"TR.BLUE","FLAT TILE 1X1, ROUND ""NO. 32""","£0.19"
"Bricks, Special","Blue",20304,6104423,"TR.BLUE","FLAT TILE 1X1, ROUND ""NO. 32""","£0.19"
"Bricks, Special","Blue",20304,6104423,"TR.BLUE","FLAT TILE 1X1, ROUND ""NO. 32""","£0.19"
"Bricks, Special","Blue",20304,6104423,"TR.BLUE","FLAT TILE 1X1, ROUND ""NO. 32""","£0.19"
"Bricks, Special","Blue",20304,6104423,"TR.BLUE","FLAT TILE 1X1, ROUND ""NO. 32""","£0.19"
"Bricks, Special","Blue",22393,6135341,"TR.BLUE","MINI VISOR NO.1",
"Bricks, Special","Blue",22402,6129515,"TR.BLUE","ARMOR NO.17",
"Bricks, Special","Blue",23860,6133840,"TR.BLUE","BLADE NO. 3",
"Bricks, Special","Blue",24108,6146848,"TR.BLUE","BLADE NO. 1","£1.36"
"Bricks, Special","Blue",24130,6133850,"TR.BLUE","CONTAINER, BOTTOM, 4X4X1 2/3, NO. 1",
"Bricks, Special","Blue",24132,6146584,"TR.BLUE","CONTAINER, TOP, 4X4X2 1/3, NO. 1",
"Bricks, Special","Blue",25293,6138920,"TR.BLUE","BOOK NO. 2 ""NO. 7""","£0.88"
"Bricks, Special","Blue",30007,4118738,"TR.BLUE","WALL ELEMENT 1X4X3",
"Bricks, Special","Blue",30007,4118738,"TR.BLUE","WALL ELEMENT 1X4X3",
"Bricks, Special","Blue",30007,4118738,"TR.BLUE","WALL ELEMENT 1X4X3",
"Bricks, Special","Blue",30007,4118738,"TR.BLUE","WALL ELEMENT 1X4X3",
"Bricks, Special","Blue",30007,4118738,"TR.BLUE","WALL ELEMENT 1X4X3",
"Bricks, Special","Blue",30008,4266417,"TR.BLUE","PLATE 1X1 - TR.","£0.06"
"Bricks, Special","Blue",30008,4266417,"TR.BLUE","PLATE 1X1 - TR.","£0.06"
"Bricks, Special","Blue",30008,4266417,"TR.BLUE","PLATE 1X1 - TR.","£0.06"
"Bricks, Special","Blue",30008,4266417,"TR.BLUE","PLATE 1X1 - TR.","£0.06"
"Bricks, Special","Blue",30008,4266417,"TR.BLUE","PLATE 1X1 - TR.","£0.06"
"Bricks, Special","Blue",30008,4266417,"TR.BLUE","PLATE 1X1 - TR.","£0.06"
"Bricks, Special","Blue",30008,4266417,"TR.BLUE","PLATE 1X1 - TR.","£0.06"
"Bricks, Special","Blue",30008,4266417,"TR.BLUE","PLATE 1X1 - TR.","£0.06"
"Bricks, Special","Blue",30008,4266417,"TR.BLUE","PLATE 1X1 - TR.","£0.06"
"Bricks, Special","Blue",30008,4266417,"TR.BLUE","PLATE 1X1 - TR.","£0.06"
"Bricks, Special","Blue",30008,4266417,"TR.BLUE","PLATE 1X1 - TR.","£0.06"
"Bricks, Special","Blue",30008,4266417,"TR.BLUE","PLATE 1X1 - TR.","£0.06"
"Bricks, Special","Blue",30008,4266417,"TR.BLUE","PLATE 1X1 - TR.","£0.06"
"Bricks, Special","Blue",30008,4266417,"TR.BLUE","PLATE 1X1 - TR.","£0.06"
"Bricks, Special","Blue",30008,4266417,"TR.BLUE","PLATE 1X1 - TR.","£0.06"
"Bricks, Special","Blue",30008,4266417,"TR.BLUE","PLATE 1X1 - TR.","£0.06"
"Bricks, Special","Blue",30008,4266417,"TR.BLUE","PLATE 1X1 - TR.","£0.06"
"Bricks, Special","Blue",30008,4266417,"TR.BLUE","PLATE 1X1 - TR.","£0.06"
"Bricks, Special","Blue",30008,4266417,"TR.BLUE","PLATE 1X1 - TR.","£0.06"
"Bricks, Special","Blue",30008,4266417,"TR.BLUE","PLATE 1X1 - TR.","£0.06"
"Bricks, Special","Blue",30008,4266417,"TR.BLUE","PLATE 1X1 - TR.","£0.06"
"Bricks, Special","Blue",30008,4266417,"TR.BLUE","PLATE 1X1 - TR.","£0.06"
"Bricks, Special","Blue",30008,4266417,"TR.BLUE","PLATE 1X1 - TR.","£0.06"
"Bricks, Special","Blue",30008,4266417,"TR.BLUE","PLATE 1X1 - TR.","£0.06"
"Bricks, Special","Blue",30008,4266417,"TR.BLUE","PLATE 1X1 - TR.","£0.06"
"Bricks, Special","Blue",30008,4266417,"TR.BLUE","PLATE 1X1 - TR.","£0.06"
"Bricks, Special","Blue",30008,4266417,"TR.BLUE","PLATE 1X1 - TR.","£0.06"
"Bricks, Special","Blue",30008,4266417,"TR.BLUE","PLATE 1X1 - TR.","£0.06"
"Bricks, Special","Blue",30008,4266417,"TR.BLUE","PLATE 1X1 - TR.","£0.06"
"Bricks, Special","Blue",30008,4266417,"TR.BLUE","PLATE 1X1 - TR.","£0.06"
"Bricks, Special","Blue",30008,4266417,"TR.BLUE","PLATE 1X1 - TR.","£0.06"
"Bricks, Special","Blue",30008,4266417,"TR.BLUE","PLATE 1X1 - TR.","£0.06"
"Bricks, Special","Blue",30008,4266417,"TR.BLUE","PLATE 1X1 - TR.","£0.06"
"Bricks, Special","Blue",30008,4266417,"TR.BLUE","PLATE 1X1 - TR.","£0.06"
"Bricks, Special","Blue",30008,4266417,"TR.BLUE","PLATE 1X1 - TR.","£0.06"
"Bricks, Special","Blue",30008,4266417,"TR.BLUE","PLATE 1X1 - TR.","£0.06"
"Bricks, Special","Blue",30008,4266417,"TR.BLUE","PLATE 1X1 - TR.","£0.06"
"Bricks, Special","Blue",30008,4266417,"TR.BLUE","PLATE 1X1 - TR.","£0.06"
"Bricks, Special","Blue",30008,4266417,"TR.BLUE","PLATE 1X1 - TR.","£0.06"
"Bricks, Special","Blue",30008,4266417,"TR.BLUE","PLATE 1X1 - TR.","£0.06"
"Bricks, Special","Blue",30008,4266417,"TR.BLUE","PLATE 1X1 - TR.","£0.06"
"Bricks, Special","Blue",30008,4266417,"TR.BLUE","PLATE 1X1 - TR.","£0.06"
"Bricks, Special","Blue",30008,4266417,"TR.BLUE","PLATE 1X1 - TR.","£0.06"
"Bricks, Special","Blue",30008,4266417,"TR.BLUE","PLATE 1X1 - TR.","£0.06"
"Bricks, Special","Blue",30008,4266417,"TR.BLUE","PLATE 1X1 - TR.","£0.06"
"Bricks, Special","Blue",30008,4266417,"TR.BLUE","PLATE 1X1 - TR.","£0.06"
"Bricks, Special","Blue",30008,4266417,"TR.BLUE","PLATE 1X1 - TR.","£0.06"
"Bricks, Special","Blue",30008,4266417,"TR.BLUE","PLATE 1X1 - TR.","£0.06"
"Bricks, Special","Blue",30008,4266417,"TR.BLUE","PLATE 1X1 - TR.","£0.06"
"Bricks, Special","Blue",30008,4266417,"TR.BLUE","PLATE 1X1 - TR.","£0.06"
"Bricks, Special","Blue",30039,4218438,"TR.BLUE","FLAT TILE 1X1",
"Bricks, Special","Blue",30039,4218438,"TR.BLUE","FLAT TILE 1X1",
"Bricks, Special","Blue",30039,4218438,"TR.BLUE","FLAT TILE 1X1",
"Bricks, Special","Blue",30039,4218438,"TR.BLUE","FLAT TILE 1X1",
"Bricks, Special","Blue",30057,3005743,"TR.BLUE","ROUND PLATE 1X1 - TR.","£0.04"
"Bricks, Special","Blue",30057,3005743,"TR.BLUE","ROUND PLATE 1X1 - TR.","£0.04"
"Bricks, Special","Blue",30057,3005743,"TR.BLUE","ROUND PLATE 1X1 - TR.","£0.04"
"Bricks, Special","Blue",30057,3005743,"TR.BLUE","ROUND PLATE 1X1 - TR.","£0.04"
"Bricks, Special","Blue",30057,3005743,"TR.BLUE","ROUND PLATE 1X1 - TR.","£0.04"
"Bricks, Special","Blue",30057,3005743,"TR.BLUE","ROUND PLATE 1X1 - TR.","£0.04"
"Bricks, Special","Blue",30057,3005743,"TR.BLUE","ROUND PLATE 1X1 - TR.","£0.04"
"Bricks, Special","Blue",30057,3005743,"TR.BLUE","ROUND PLATE 1X1 - TR.","£0.04"
"Bricks, Special","Blue",30057,3005743,"TR.BLUE","ROUND PLATE 1X1 - TR.","£0.04"
"Bricks, Special","Blue",30057,3005743,"TR.BLUE","ROUND PLATE 1X1 - TR.","£0.04"
"Bricks, Special","Blue",30057,3005743,"TR.BLUE","ROUND PLATE 1X1 - TR.","£0.04"
"Bricks, Special","Blue",30057,3005743,"TR.BLUE","ROUND PLATE 1X1 - TR.","£0.04"
"Bricks, Special","Blue",30057,3005743,"TR.BLUE","ROUND PLATE 1X1 - TR.","£0.04"
"Bricks, Special","Blue",30057,3005743,"TR.BLUE","ROUND PLATE 1X1 - TR.","£0.04"
"Bricks, Special","Blue",30057,3005743,"TR.BLUE","ROUND PLATE 1X1 - TR.","£0.04"
"Bricks, Special","Blue",30057,3005743,"TR.BLUE","ROUND PLATE 1X1 - TR.","£0.04"
"Bricks, Special","Blue",30057,3005743,"TR.BLUE","ROUND PLATE 1X1 - TR.","£0.04"
"Bricks, Special","Blue",30057,3005743,"TR.BLUE","ROUND PLATE 1X1 - TR.","£0.04"
"Bricks, Special","Blue",30057,3005743,"TR.BLUE","ROUND PLATE 1X1 - TR.","£0.04"
"Bricks, Special","Blue",30057,3005743,"TR.BLUE","ROUND PLATE 1X1 - TR.","£0.04"
"Bricks, Special","Blue",30057,3005743,"TR.BLUE","ROUND PLATE 1X1 - TR.","£0.04"
"Bricks, Special","Blue",30057,3005743,"TR.BLUE","ROUND PLATE 1X1 - TR.","£0.04"
"Bricks, Special","Blue",30057,3005743,"TR.BLUE","ROUND PLATE 1X1 - TR.","£0.04"
"Bricks, Special","Blue",30057,3005743,"TR.BLUE","ROUND PLATE 1X1 - TR.","£0.04"
"Bricks, Special","Blue",30057,3005743,"TR.BLUE","ROUND PLATE 1X1 - TR.","£0.04"
"Bricks, Special","Blue",30057,3005743,"TR.BLUE","ROUND PLATE 1X1 - TR.","£0.04"
"Bricks, Special","Blue",30057,3005743,"TR.BLUE","ROUND PLATE 1X1 - TR.","£0.04"
"Bricks, Special","Blue",30057,3005743,"TR.BLUE","ROUND PLATE 1X1 - TR.","£0.04"
"Bricks, Special","Blue",30057,3005743,"TR.BLUE","ROUND PLATE 1X1 - TR.","£0.04"
"Bricks, Special","Blue",30057,3005743,"TR.BLUE","ROUND PLATE 1X1 - TR.","£0.04"
"Bricks, Special","Blue",30057,3005743,"TR.BLUE","ROUND PLATE 1X1 - TR.","£0.04"
"Bricks, Special","Blue",30057,3005743,"TR.BLUE","ROUND PLATE 1X1 - TR.","£0.04"
"Bricks, Special","Blue",30057,3005743,"TR.BLUE","ROUND PLATE 1X1 - TR.","£0.04"
"Bricks, Special","Blue",30057,3005743,"TR.BLUE","ROUND PLATE 1X1 - TR.","£0.04"
"Bricks, Special","Blue",30057,3005743,"TR.BLUE","ROUND PLATE 1X1 - TR.","£0.04"
"Bricks, Special","Blue",30057,3005743,"TR.BLUE","ROUND PLATE 1X1 - TR.","£0.04"
"Bricks, Special","Blue",30057,3005743,"TR.BLUE","ROUND PLATE 1X1 - TR.","£0.04"
"Bricks, Special","Blue",30057,3005743,"TR.BLUE","ROUND PLATE 1X1 - TR.","£0.04"
"Bricks, Special","Blue",30057,3005743,"TR.BLUE","ROUND PLATE 1X1 - TR.","£0.04"
"Bricks, Special","Blue",30057,3005743,"TR.BLUE","ROUND PLATE 1X1 - TR.","£0.04"
"Bricks, Special","Blue",30057,3005743,"TR.BLUE","ROUND PLATE 1X1 - TR.","£0.04"
"Bricks, Special","Blue",30057,3005743,"TR.BLUE","ROUND PLATE 1X1 - TR.","£0.04"
"Bricks, Special","Blue",30057,3005743,"TR.BLUE","ROUND PLATE 1X1 - TR.","£0.04"
"Bricks, Special","Blue",30057,3005743,"TR.BLUE","ROUND PLATE 1X1 - TR.","£0.04"
"Bricks, Special","Blue",30057,3005743,"TR.BLUE","ROUND PLATE 1X1 - TR.","£0.04"
"Bricks, Special","Blue",30057,3005743,"TR.BLUE","ROUND PLATE 1X1 - TR.","£0.04"
"Bricks, Special","Blue",30057,3005743,"TR.BLUE","ROUND PLATE 1X1 - TR.","£0.04"
"Bricks, Special","Blue",30057,3005743,"TR.BLUE","ROUND PLATE 1X1 - TR.","£0.04"
"Bricks, Special","Blue",30057,3005743,"TR.BLUE","ROUND PLATE 1X1 - TR.","£0.04"
"Bricks, Special","Blue",30057,3005743,"TR.BLUE","ROUND PLATE 1X1 - TR.","£0.04"
"Bricks, Special","Blue",30057,3005743,"TR.BLUE","ROUND PLATE 1X1 - TR.","£0.04"
"Bricks, Special","Blue",30057,3005743,"TR.BLUE","ROUND PLATE 1X1 - TR.","£0.04"
"Bricks, Special","Blue",30057,3005743,"TR.BLUE","ROUND PLATE 1X1 - TR.","£0.04"
"Bricks, Special","Blue",30057,3005743,"TR.BLUE","ROUND PLATE 1X1 - TR.","£0.04"
"Bricks, Special","Blue",30057,3005743,"TR.BLUE","ROUND PLATE 1X1 - TR.","£0.04"
"Bricks, Special","Blue",30057,3005743,"TR.BLUE","ROUND PLATE 1X1 - TR.","£0.04"
"Bricks, Special","Blue",30057,3005743,"TR.BLUE","ROUND PLATE 1X1 - TR.","£0.04"
"Bricks, Special","Blue",30057,3005743,"TR.BLUE","ROUND PLATE 1X1 - TR.","£0.04"
"Bricks, Special","Blue",30057,3005743,"TR.BLUE","ROUND PLATE 1X1 - TR.","£0.04"
"Bricks, Special","Blue",30057,3005743,"TR.BLUE","ROUND PLATE 1X1 - TR.","£0.04"
"Bricks, Special","Blue",30057,3005743,"TR.BLUE","ROUND PLATE 1X1 - TR.","£0.04"
"Bricks, Special","Blue",30057,3005743,"TR.BLUE","ROUND PLATE 1X1 - TR.","£0.04"
"Bricks, Special","Blue",30057,3005743,"TR.BLUE","ROUND PLATE 1X1 - TR.","£0.04"
"Bricks, Special","Blue",30057,3005743,"TR.BLUE","ROUND PLATE 1X1 - TR.","£0.04"
"Bricks, Special","Blue",30057,3005743,"TR.BLUE","ROUND PLATE 1X1 - TR.","£0.04"
"Bricks, Special","Blue",30057,3005743,"TR.BLUE","ROUND PLATE 1X1 - TR.","£0.04"
"Bricks, Special","Blue",30057,3005743,"TR.BLUE","ROUND PLATE 1X1 - TR.","£0.04"
"Bricks, Special","Blue",30057,3005743,"TR.BLUE","ROUND PLATE 1X1 - TR.","£0.04"
"Bricks, Special","Blue",30057,3005743,"TR.BLUE","ROUND PLATE 1X1 - TR.","£0.04"
"Bricks, Special","Blue",30057,3005743,"TR.BLUE","ROUND PLATE 1X1 - TR.","£0.04"
"Bricks, Special","Blue",30057,3005743,"TR.BLUE","ROUND PLATE 1X1 - TR.","£0.04"
"Bricks, Special","Blue",30057,3005743,"TR.BLUE","ROUND PLATE 1X1 - TR.","£0.04"
"Bricks, Special","Blue",30057,3005743,"TR.BLUE","ROUND PLATE 1X1 - TR.","£0.04"
"Bricks, Special","Blue",30057,3005743,"TR.BLUE","ROUND PLATE 1X1 - TR.","£0.04"
"Bricks, Special","Blue",30057,3005743,"TR.BLUE","ROUND PLATE 1X1 - TR.","£0.04"
"Bricks, Special","Blue",30057,3005743,"TR.BLUE","ROUND PLATE 1X1 - TR.","£0.04"
"Bricks, Special","Blue",30057,3005743,"TR.BLUE","ROUND PLATE 1X1 - TR.","£0.04"
"Bricks, Special","Blue",30057,3005743,"TR.BLUE","ROUND PLATE 1X1 - TR.","£0.04"
"Bricks, Special","Blue",30057,3005743,"TR.BLUE","ROUND PLATE 1X1 - TR.","£0.04"
"Bricks, Special","Blue",30057,3005743,"TR.BLUE","ROUND PLATE 1X1 - TR.","£0.04"
"Bricks, Special","Blue",30057,3005743,"TR.BLUE","ROUND PLATE 1X1 - TR.","£0.04"
"Bricks, Special","Blue",30057,3005743,"TR.BLUE","ROUND PLATE 1X1 - TR.","£0.04"
"Bricks, Special","Blue",30057,3005743,"TR.BLUE","ROUND PLATE 1X1 - TR.","£0.04"
"Bricks, Special","Blue",30057,3005743,"TR.BLUE","ROUND PLATE 1X1 - TR.","£0.04"
"Bricks, Special","Blue",30057,3005743,"TR.BLUE","ROUND PLATE 1X1 - TR.","£0.04"
"Bricks, Special","Blue",30057,3005743,"TR.BLUE","ROUND PLATE 1X1 - TR.","£0.04"
"Bricks, Special","Blue",30057,3005743,"TR.BLUE","ROUND PLATE 1X1 - TR.","£0.04"
"Bricks, Special","Blue",30057,3005743,"TR.BLUE","ROUND PLATE 1X1 - TR.","£0.04"
"Bricks, Special","Blue",30057,3005743,"TR.BLUE","ROUND PLATE 1X1 - TR.","£0.04"
"Bricks, Special","Blue",30057,3005743,"TR.BLUE","ROUND PLATE 1X1 - TR.","£0.04"
"Bricks, Special","Blue",30057,3005743,"TR.BLUE","ROUND PLATE 1X1 - TR.","£0.04"
"Bricks, Special","Blue",30057,3005743,"TR.BLUE","ROUND PLATE 1X1 - TR.","£0.04"
"Bricks, Special","Blue",30057,3005743,"TR.BLUE","ROUND PLATE 1X1 - TR.","£0.04"
"Bricks, Special","Blue",30057,3005743,"TR.BLUE","ROUND PLATE 1X1 - TR.","£0.04"
"Bricks, Special","Blue",30057,3005743,"TR.BLUE","ROUND PLATE 1X1 - TR.","£0.04"
"Bricks, Special","Blue",30057,3005743,"TR.BLUE","ROUND PLATE 1X1 - TR.","£0.04"
"Bricks, Special","Blue",30057,3005743,"TR.BLUE","ROUND PLATE 1X1 - TR.","£0.04"
"Bricks, Special","Blue",30057,3005743,"TR.BLUE","ROUND PLATE 1X1 - TR.","£0.04"
"Bricks, Special","Blue",30057,3005743,"TR.BLUE","ROUND PLATE 1X1 - TR.","£0.04"
"Bricks, Special","Blue",30057,3005743,"TR.BLUE","ROUND PLATE 1X1 - TR.","£0.04"
"Bricks, Special","Blue",30057,3005743,"TR.BLUE","ROUND PLATE 1X1 - TR.","£0.04"
"Bricks, Special","Blue",30057,3005743,"TR.BLUE","ROUND PLATE 1X1 - TR.","£0.04"
"Bricks, Special","Blue",30057,3005743,"TR.BLUE","ROUND PLATE 1X1 - TR.","£0.04"
"Bricks, Special","Blue",30057,3005743,"TR.BLUE","ROUND PLATE 1X1 - TR.","£0.04"
"Bricks, Special","Blue",30057,3005743,"TR.BLUE","ROUND PLATE 1X1 - TR.","£0.04"
"Bricks, Special","Blue",30057,3005743,"TR.BLUE","ROUND PLATE 1X1 - TR.","£0.04"
"Bricks, Special","Blue",30057,3005743,"TR.BLUE","ROUND PLATE 1X1 - TR.","£0.04"
"Bricks, Special","Blue",30057,3005743,"TR.BLUE","ROUND PLATE 1X1 - TR.","£0.04"
"Bricks, Special","Blue",30057,3005743,"TR.BLUE","ROUND PLATE 1X1 - TR.","£0.04"
"Bricks, Special","Blue",30057,3005743,"TR.BLUE","ROUND PLATE 1X1 - TR.","£0.04"
"Bricks, Special","Blue",30057,3005743,"TR.BLUE","ROUND PLATE 1X1 - TR.","£0.04"
"Bricks, Special","Blue",30057,3005743,"TR.BLUE","ROUND PLATE 1X1 - TR.","£0.04"
"Bricks, Special","Blue",30057,3005743,"TR.BLUE","ROUND PLATE 1X1 - TR.","£0.04"
"Bricks, Special","Blue",30057,3005743,"TR.BLUE","ROUND PLATE 1X1 - TR.","£0.04"
"Bricks, Special","Blue",30057,3005743,"TR.BLUE","ROUND PLATE 1X1 - TR.","£0.04"
"Bricks, Special","Blue",30057,3005743,"TR.BLUE","ROUND PLATE 1X1 - TR.","£0.04"
"Bricks, Special","Blue",30057,3005743,"TR.BLUE","ROUND PLATE 1X1 - TR.","£0.04"
"Bricks, Special","Blue",30057,3005743,"TR.BLUE","ROUND PLATE 1X1 - TR.","£0.04"
"Bricks, Special","Blue",30057,3005743,"TR.BLUE","ROUND PLATE 1X1 - TR.","£0.04"
"Bricks, Special","Blue",30057,3005743,"TR.BLUE","ROUND PLATE 1X1 - TR.","£0.04"
"Bricks, Special","Blue",30057,3005743,"TR.BLUE","ROUND PLATE 1X1 - TR.","£0.04"
"Bricks, Special","Blue",30057,3005743,"TR.BLUE","ROUND PLATE 1X1 - TR.","£0.04"
"Bricks, Special","Blue",30057,3005743,"TR.BLUE","ROUND PLATE 1X1 - TR.","£0.04"
"Bricks, Special","Blue",30057,3005743,"TR.BLUE","ROUND PLATE 1X1 - TR.","£0.04"
"Bricks, Special","Blue",30057,3005743,"TR.BLUE","ROUND PLATE 1X1 - TR.","£0.04"
"Bricks, Special","Blue",30057,3005743,"TR.BLUE","ROUND PLATE 1X1 - TR.","£0.04"
"Bricks, Special","Blue",30057,3005743,"TR.BLUE","ROUND PLATE 1X1 - TR.","£0.04"
"Bricks, Special","Blue",30057,3005743,"TR.BLUE","ROUND PLATE 1X1 - TR.","£0.04"
"Bricks, Special","Blue",30057,3005743,"TR.BLUE","ROUND PLATE 1X1 - TR.","£0.04"
"Bricks, Special","Blue",30057,3005743,"TR.BLUE","ROUND PLATE 1X1 - TR.","£0.04"
"Bricks, Special","Blue",30057,3005743,"TR.BLUE","ROUND PLATE 1X1 - TR.","£0.04"
"Bricks, Special","Blue",30057,3005743,"TR.BLUE","ROUND PLATE 1X1 - TR.","£0.04"
"Bricks, Special","Blue",30057,3005743,"TR.BLUE","ROUND PLATE 1X1 - TR.","£0.04"
"Bricks, Special","Blue",30057,3005743,"TR.BLUE","ROUND PLATE 1X1 - TR.","£0.04"
"Bricks, Special","Blue",30057,3005743,"TR.BLUE","ROUND PLATE 1X1 - TR.","£0.04"
"Bricks, Special","Blue",30057,3005743,"TR.BLUE","ROUND PLATE 1X1 - TR.","£0.04"
"Bricks, Special","Blue",30057,3005743,"TR.BLUE","ROUND PLATE 1X1 - TR.","£0.04"
"Bricks, Special","Blue",30057,3005743,"TR.BLUE","ROUND PLATE 1X1 - TR.","£0.04"
"Bricks, Special","Blue",30057,3005743,"TR.BLUE","ROUND PLATE 1X1 - TR.","£0.04"
"Bricks, Special","Blue",30057,3005743,"TR.BLUE","ROUND PLATE 1X1 - TR.","£0.04"
"Bricks, Special","Blue",30057,3005743,"TR.BLUE","ROUND PLATE 1X1 - TR.","£0.04"
"Bricks, Special","Blue",30057,3005743,"TR.BLUE","ROUND PLATE 1X1 - TR.","£0.04"
"Bricks, Special","Blue",30057,3005743,"TR.BLUE","ROUND PLATE 1X1 - TR.","£0.04"
"Bricks, Special","Blue",30057,3005743,"TR.BLUE","ROUND PLATE 1X1 - TR.","£0.04"
"Bricks, Special","Blue",30057,3005743,"TR.BLUE","ROUND PLATE 1X1 - TR.","£0.04"
"Bricks, Special","Blue",30057,3005743,"TR.BLUE","ROUND PLATE 1X1 - TR.","£0.04"
"Bricks, Special","Blue",30057,3005743,"TR.BLUE","ROUND PLATE 1X1 - TR.","£0.04"
"Bricks, Special","Blue",30057,3005743,"TR.BLUE","ROUND PLATE 1X1 - TR.","£0.04"
"Bricks, Special","Blue",30057,3005743,"TR.BLUE","ROUND PLATE 1X1 - TR.","£0.04"
"Bricks, Special","Blue",30057,3005743,"TR.BLUE","ROUND PLATE 1X1 - TR.","£0.04"
"Bricks, Special","Blue",30057,3005743,"TR.BLUE","ROUND PLATE 1X1 - TR.","£0.04"
"Bricks, Special","Blue",30057,3005743,"TR.BLUE","ROUND PLATE 1X1 - TR.","£0.04"
"Bricks, Special","Blue",30057,3005743,"TR.BLUE","ROUND PLATE 1X1 - TR.","£0.04"
"Bricks, Special","Blue",30057,3005743,"TR.BLUE","ROUND PLATE 1X1 - TR.","£0.04"
"Bricks, Special","Blue",30057,3005743,"TR.BLUE","ROUND PLATE 1X1 - TR.","£0.04"
"Bricks, Special","Blue",30057,3005743,"TR.BLUE","ROUND PLATE 1X1 - TR.","£0.04"
"Bricks, Special","Blue",30057,3005743,"TR.BLUE","ROUND PLATE 1X1 - TR.","£0.04"
"Bricks, Special","Blue",30057,3005743,"TR.BLUE","ROUND PLATE 1X1 - TR.","£0.04"
"Bricks, Special","Blue",30057,3005743,"TR.BLUE","ROUND PLATE 1X1 - TR.","£0.04"
"Bricks, Special","Blue",30057,3005743,"TR.BLUE","ROUND PLATE 1X1 - TR.","£0.04"
"Bricks, Special","Blue",30057,3005743,"TR.BLUE","ROUND PLATE 1X1 - TR.","£0.04"
"Bricks, Special","Blue",30057,3005743,"TR.BLUE","ROUND PLATE 1X1 - TR.","£0.04"
"Bricks, Special","Blue",30057,3005743,"TR.BLUE","ROUND PLATE 1X1 - TR.","£0.04"
"Bricks, Special","Blue",30057,3005743,"TR.BLUE","ROUND PLATE 1X1 - TR.","£0.04"
"Bricks, Special","Blue",30057,3005743,"TR.BLUE","ROUND PLATE 1X1 - TR.","£0.04"
"Bricks, Special","Blue",30063,3006343,"TR.BLUE","PARABOLIC ELEMENT Ø16 - TR","£0.11"
"Bricks, Special","Blue",30063,3006343,"TR.BLUE","PARABOLIC ELEMENT Ø16 - TR","£0.11"
"Bricks, Special","Blue",30063,3006343,"TR.BLUE","PARABOLIC ELEMENT Ø16 - TR","£0.11"
"Bricks, Special","Blue",30063,3006343,"TR.BLUE","PARABOLIC ELEMENT Ø16 - TR","£0.11"
"Bricks, Special","Blue",30063,3006343,"TR.BLUE","PARABOLIC ELEMENT Ø16 - TR","£0.11"
"Bricks, Special","Blue",30063,3006343,"TR.BLUE","PARABOLIC ELEMENT Ø16 - TR","£0.11"
"Bricks, Special","Blue",30063,3006343,"TR.BLUE","PARABOLIC ELEMENT Ø16 - TR","£0.11"
"Bricks, Special","Blue",30063,3006343,"TR.BLUE","PARABOLIC ELEMENT Ø16 - TR","£0.11"
"Bricks, Special","Blue",30063,3006343,"TR.BLUE","PARABOLIC ELEMENT Ø16 - TR","£0.11"
"Bricks, Special","Blue",30063,3006343,"TR.BLUE","PARABOLIC ELEMENT Ø16 - TR","£0.11"
"Bricks, Special","Blue",30063,3006343,"TR.BLUE","PARABOLIC ELEMENT Ø16 - TR","£0.11"
"Bricks, Special","Blue",30063,3006343,"TR.BLUE","PARABOLIC ELEMENT Ø16 - TR","£0.11"
"Bricks, Special","Blue",30063,3006343,"TR.BLUE","PARABOLIC ELEMENT Ø16 - TR","£0.11"
"Bricks, Special","Blue",30063,3006343,"TR.BLUE","PARABOLIC ELEMENT Ø16 - TR","£0.11"
"Bricks, Special","Blue",30063,3006343,"TR.BLUE","PARABOLIC ELEMENT Ø16 - TR","£0.11"
"Bricks, Special","Blue",30063,3006343,"TR.BLUE","PARABOLIC ELEMENT Ø16 - TR","£0.11"
"Bricks, Special","Blue",30063,3006343,"TR.BLUE","PARABOLIC ELEMENT Ø16 - TR","£0.11"
"Bricks, Special","Blue",30063,3006343,"TR.BLUE","PARABOLIC ELEMENT Ø16 - TR","£0.11"
"Bricks, Special","Blue",30063,3006343,"TR.BLUE","PARABOLIC ELEMENT Ø16 - TR","£0.11"
"Bricks, Special","Blue",30063,3006343,"TR.BLUE","PARABOLIC ELEMENT Ø16 - TR","£0.11"
"Bricks, Special","Blue",30063,3006343,"TR.BLUE","PARABOLIC ELEMENT Ø16 - TR","£0.11"
"Bricks, Special","Blue",30063,3006343,"TR.BLUE","PARABOLIC ELEMENT Ø16 - TR","£0.11"
"Bricks, Special","Blue",30063,3006343,"TR.BLUE","PARABOLIC ELEMENT Ø16 - TR","£0.11"
"Bricks, Special","Blue",30063,3006343,"TR.BLUE","PARABOLIC ELEMENT Ø16 - TR","£0.11"
"Bricks, Special","Blue",30063,3006343,"TR.BLUE","PARABOLIC ELEMENT Ø16 - TR","£0.11"
"Bricks, Special","Blue",30063,3006343,"TR.BLUE","PARABOLIC ELEMENT Ø16 - TR","£0.11"
"Bricks, Special","Blue",30063,3006343,"TR.BLUE","PARABOLIC ELEMENT Ø16 - TR","£0.11"
"Bricks, Special","Blue",30063,3006343,"TR.BLUE","PARABOLIC ELEMENT Ø16 - TR","£0.11"
"Bricks, Special","Blue",30063,3006343,"TR.BLUE","PARABOLIC ELEMENT Ø16 - TR","£0.11"
"Bricks, Special","Blue",30063,3006343,"TR.BLUE","PARABOLIC ELEMENT Ø16 - TR","£0.11"
"Bricks, Special","Blue",30063,3006343,"TR.BLUE","PARABOLIC ELEMENT Ø16 - TR","£0.11"
"Bricks, Special","Blue",30063,3006343,"TR.BLUE","PARABOLIC ELEMENT Ø16 - TR","£0.11"
"Bricks, Special","Blue",30063,3006343,"TR.BLUE","PARABOLIC ELEMENT Ø16 - TR","£0.11"
"Bricks, Special","Blue",30063,3006343,"TR.BLUE","PARABOLIC ELEMENT Ø16 - TR","£0.11"
"Bricks, Special","Blue",30063,3006343,"TR.BLUE","PARABOLIC ELEMENT Ø16 - TR","£0.11"
"Bricks, Special","Blue",30063,3006343,"TR.BLUE","PARABOLIC ELEMENT Ø16 - TR","£0.11"
"Bricks, Special","Blue",30063,3006343,"TR.BLUE","PARABOLIC ELEMENT Ø16 - TR","£0.11"
"Bricks, Special","Blue",30063,3006343,"TR.BLUE","PARABOLIC ELEMENT Ø16 - TR","£0.11"
"Bricks, Special","Blue",30068,3006843,"TR.BLUE","ROUND BRICK 1 - TR","£0.07"
"Bricks, Special","Blue",30068,3006843,"TR.BLUE","ROUND BRICK 1 - TR","£0.07"
"Bricks, Special","Blue",30068,3006843,"TR.BLUE","ROUND BRICK 1 - TR","£0.07"
"Bricks, Special","Blue",30068,3006843,"TR.BLUE","ROUND BRICK 1 - TR","£0.07"
"Bricks, Special","Blue",30068,3006843,"TR.BLUE","ROUND BRICK 1 - TR","£0.07"
"Bricks, Special","Blue",30068,3006843,"TR.BLUE","ROUND BRICK 1 - TR","£0.07"
"Bricks, Special","Blue",30068,3006843,"TR.BLUE","ROUND BRICK 1 - TR","£0.07"
"Bricks, Special","Blue",30068,3006843,"TR.BLUE","ROUND BRICK 1 - TR","£0.07"
"Bricks, Special","Blue",30068,3006843,"TR.BLUE","ROUND BRICK 1 - TR","£0.07"
"Bricks, Special","Blue",30068,3006843,"TR.BLUE","ROUND BRICK 1 - TR","£0.07"
"Bricks, Special","Blue",30068,3006843,"TR.BLUE","ROUND BRICK 1 - TR","£0.07"
"Bricks, Special","Blue",30068,3006843,"TR.BLUE","ROUND BRICK 1 - TR","£0.07"
"Bricks, Special","Blue",30068,3006843,"TR.BLUE","ROUND BRICK 1 - TR","£0.07"
"Bricks, Special","Blue",30068,3006843,"TR.BLUE","ROUND BRICK 1 - TR","£0.07"
"Bricks, Special","Blue",30068,3006843,"TR.BLUE","ROUND BRICK 1 - TR","£0.07"
"Bricks, Special","Blue",30068,3006843,"TR.BLUE","ROUND BRICK 1 - TR","£0.07"
"Bricks, Special","Blue",30068,3006843,"TR.BLUE","ROUND BRICK 1 - TR","£0.07"
"Bricks, Special","Blue",30068,3006843,"TR.BLUE","ROUND BRICK 1 - TR","£0.07"
"Bricks, Special","Blue",30068,3006843,"TR.BLUE","ROUND BRICK 1 - TR","£0.07"
"Bricks, Special","Blue",30068,3006843,"TR.BLUE","ROUND BRICK 1 - TR","£0.07"
"Bricks, Special","Blue",30068,3006843,"TR.BLUE","ROUND BRICK 1 - TR","£0.07"
"Bricks, Special","Blue",30068,3006843,"TR.BLUE","ROUND BRICK 1 - TR","£0.07"
"Bricks, Special","Blue",30068,3006843,"TR.BLUE","ROUND BRICK 1 - TR","£0.07"
"Bricks, Special","Blue",30068,3006843,"TR.BLUE","ROUND BRICK 1 - TR","£0.07"
"Bricks, Special","Blue",30068,3006843,"TR.BLUE","ROUND BRICK 1 - TR","£0.07"
"Bricks, Special","Blue",30068,3006843,"TR.BLUE","ROUND BRICK 1 - TR","£0.07"
"Bricks, Special","Blue",30068,3006843,"TR.BLUE","ROUND BRICK 1 - TR","£0.07"
"Bricks, Special","Blue",30068,3006843,"TR.BLUE","ROUND BRICK 1 - TR","£0.07"
"Bricks, Special","Blue",30068,3006843,"TR.BLUE","ROUND BRICK 1 - TR","£0.07"
"Bricks, Special","Blue",30068,3006843,"TR.BLUE","ROUND BRICK 1 - TR","£0.07"
"Bricks, Special","Blue",30068,3006843,"TR.BLUE","ROUND BRICK 1 - TR","£0.07"
"Bricks, Special","Blue",30068,3006843,"TR.BLUE","ROUND BRICK 1 - TR","£0.07"
"Bricks, Special","Blue",30068,3006843,"TR.BLUE","ROUND BRICK 1 - TR","£0.07"
"Bricks, Special","Blue",30068,3006843,"TR.BLUE","ROUND BRICK 1 - TR","£0.07"
"Bricks, Special","Blue",30068,3006843,"TR.BLUE","ROUND BRICK 1 - TR","£0.07"
"Bricks, Special","Blue",30068,3006843,"TR.BLUE","ROUND BRICK 1 - TR","£0.07"
"Bricks, Special","Blue",30068,3006843,"TR.BLUE","ROUND BRICK 1 - TR","£0.07"
"Bricks, Special","Blue",30068,3006843,"TR.BLUE","ROUND BRICK 1 - TR","£0.07"
"Bricks, Special","Blue",30068,3006843,"TR.BLUE","ROUND BRICK 1 - TR","£0.07"
"Bricks, Special","Blue",30068,3006843,"TR.BLUE","ROUND BRICK 1 - TR","£0.07"
"Bricks, Special","Blue",30068,3006843,"TR.BLUE","ROUND BRICK 1 - TR","£0.07"
"Bricks, Special","Blue",30068,3006843,"TR.BLUE","ROUND BRICK 1 - TR","£0.07"
"Bricks, Special","Blue",30068,3006843,"TR.BLUE","ROUND BRICK 1 - TR","£0.07"
"Bricks, Special","Blue",30068,3006843,"TR.BLUE","ROUND BRICK 1 - TR","£0.07"
"Bricks, Special","Blue",30068,3006843,"TR.BLUE","ROUND BRICK 1 - TR","£0.07"
"Bricks, Special","Blue",30068,3006843,"TR.BLUE","ROUND BRICK 1 - TR","£0.07"
"Bricks, Special","Blue",30068,3006843,"TR.BLUE","ROUND BRICK 1 - TR","£0.07"
"Bricks, Special","Blue",30068,3006843,"TR.BLUE","ROUND BRICK 1 - TR","£0.07"
"Bricks, Special","Blue",30068,3006843,"TR.BLUE","ROUND BRICK 1 - TR","£0.07"
"Bricks, Special","Blue",30068,3006843,"TR.BLUE","ROUND BRICK 1 - TR","£0.07"
"Bricks, Special","Blue",30068,3006843,"TR.BLUE","ROUND BRICK 1 - TR","£0.07"
"Bricks, Special","Blue",30068,3006843,"TR.BLUE","ROUND BRICK 1 - TR","£0.07"
"Bricks, Special","Blue",30068,3006843,"TR.BLUE","ROUND BRICK 1 - TR","£0.07"
"Bricks, Special","Blue",30068,3006843,"TR.BLUE","ROUND BRICK 1 - TR","£0.07"
"Bricks, Special","Blue",30068,3006843,"TR.BLUE","ROUND BRICK 1 - TR","£0.07"
"Bricks, Special","Blue",30068,3006843,"TR.BLUE","ROUND BRICK 1 - TR","£0.07"
"Bricks, Special","Blue",30068,3006843,"TR.BLUE","ROUND BRICK 1 - TR","£0.07"
"Bricks, Special","Blue",30068,3006843,"TR.BLUE","ROUND BRICK 1 - TR","£0.07"
"Bricks, Special","Blue",30068,3006843,"TR.BLUE","ROUND BRICK 1 - TR","£0.07"
"Bricks, Special","Blue",30068,3006843,"TR.BLUE","ROUND BRICK 1 - TR","£0.07"
"Bricks, Special","Blue",30068,3006843,"TR.BLUE","ROUND BRICK 1 - TR","£0.07"
"Bricks, Special","Blue",30068,3006843,"TR.BLUE","ROUND BRICK 1 - TR","£0.07"
"Bricks, Special","Blue",30068,3006843,"TR.BLUE","ROUND BRICK 1 - TR","£0.07"
"Bricks, Special","Blue",30068,3006843,"TR.BLUE","ROUND BRICK 1 - TR","£0.07"
"Bricks, Special","Blue",30068,3006843,"TR.BLUE","ROUND BRICK 1 - TR","£0.07"
"Bricks, Special","Blue",30068,3006843,"TR.BLUE","ROUND BRICK 1 - TR","£0.07"
"Bricks, Special","Blue",30068,3006843,"TR.BLUE","ROUND BRICK 1 - TR","£0.07"
"Bricks, Special","Blue",30070,4113854,"TR.BLUE","FLAT TILE 1X2 - TR","£0.12"
"Bricks, Special","Blue",30070,4113854,"TR.BLUE","FLAT TILE 1X2 - TR","£0.12"
"Bricks, Special","Blue",30070,4113854,"TR.BLUE","FLAT TILE 1X2 - TR","£0.12"
"Bricks, Special","Blue",30070,4113854,"TR.BLUE","FLAT TILE 1X2 - TR","£0.12"
"Bricks, Special","Blue",30070,4113854,"TR.BLUE","FLAT TILE 1X2 - TR","£0.12"
"Bricks, Special","Blue",30070,4113854,"TR.BLUE","FLAT TILE 1X2 - TR","£0.12"
"Bricks, Special","Blue",30070,4113854,"TR.BLUE","FLAT TILE 1X2 - TR","£0.12"
"Bricks, Special","Blue",30070,4113854,"TR.BLUE","FLAT TILE 1X2 - TR","£0.12"
"Bricks, Special","Blue",30070,4113854,"TR.BLUE","FLAT TILE 1X2 - TR","£0.12"
"Bricks, Special","Blue",30070,4113854,"TR.BLUE","FLAT TILE 1X2 - TR","£0.12"
"Bricks, Special","Blue",30070,4113854,"TR.BLUE","FLAT TILE 1X2 - TR","£0.12"
"Bricks, Special","Blue",30070,4113854,"TR.BLUE","FLAT TILE 1X2 - TR","£0.12"
"Bricks, Special","Blue",30070,4113854,"TR.BLUE","FLAT TILE 1X2 - TR","£0.12"
"Bricks, Special","Blue",30070,4113854,"TR.BLUE","FLAT TILE 1X2 - TR","£0.12"
"Bricks, Special","Blue",30070,4113854,"TR.BLUE","FLAT TILE 1X2 - TR","£0.12"
"Bricks, Special","Blue",30070,4113854,"TR.BLUE","FLAT TILE 1X2 - TR","£0.12"
"Bricks, Special","Blue",30070,4113854,"TR.BLUE","FLAT TILE 1X2 - TR","£0.12"
"Bricks, Special","Blue",30070,4113854,"TR.BLUE","FLAT TILE 1X2 - TR","£0.12"
"Bricks, Special","Blue",30070,4113854,"TR.BLUE","FLAT TILE 1X2 - TR","£0.12"
"Bricks, Special","Blue",30070,4113854,"TR.BLUE","FLAT TILE 1X2 - TR","£0.12"
"Bricks, Special","Blue",30070,4113854,"TR.BLUE","FLAT TILE 1X2 - TR","£0.12"
"Bricks, Special","Blue",30070,4113854,"TR.BLUE","FLAT TILE 1X2 - TR","£0.12"
"Bricks, Special","Blue",30070,4113854,"TR.BLUE","FLAT TILE 1X2 - TR","£0.12"
"Bricks, Special","Blue",30070,4113854,"TR.BLUE","FLAT TILE 1X2 - TR","£0.12"
"Bricks, Special","Blue",30070,4113854,"TR.BLUE","FLAT TILE 1X2 - TR","£0.12"
"Bricks, Special","Blue",30070,4113854,"TR.BLUE","FLAT TILE 1X2 - TR","£0.12"
"Bricks, Special","Blue",30070,4113854,"TR.BLUE","FLAT TILE 1X2 - TR","£0.12"
"Bricks, Special","Blue",30070,4113854,"TR.BLUE","FLAT TILE 1X2 - TR","£0.12"
"Bricks, Special","Blue",30070,4113854,"TR.BLUE","FLAT TILE 1X2 - TR","£0.12"
"Bricks, Special","Blue",30070,4113854,"TR.BLUE","FLAT TILE 1X2 - TR","£0.12"
"Bricks, Special","Blue",30070,4113854,"TR.BLUE","FLAT TILE 1X2 - TR","£0.12"
"Bricks, Special","Blue",30070,4113854,"TR.BLUE","FLAT TILE 1X2 - TR","£0.12"
"Bricks, Special","Blue",30070,4113854,"TR.BLUE","FLAT TILE 1X2 - TR","£0.12"
"Bricks, Special","Blue",30070,4113854,"TR.BLUE","FLAT TILE 1X2 - TR","£0.12"
"Bricks, Special","Blue",30070,4113854,"TR.BLUE","FLAT TILE 1X2 - TR","£0.12"
"Bricks, Special","Blue",30070,4113854,"TR.BLUE","FLAT TILE 1X2 - TR","£0.12"
"Bricks, Special","Blue",30070,4113854,"TR.BLUE","FLAT TILE 1X2 - TR","£0.12"
"Bricks, Special","Blue",30070,4113854,"TR.BLUE","FLAT TILE 1X2 - TR","£0.12"
"Bricks, Special","Blue",30070,4113854,"TR.BLUE","FLAT TILE 1X2 - TR","£0.12"
"Bricks, Special","Blue",30070,4113854,"TR.BLUE","FLAT TILE 1X2 - TR","£0.12"
"Bricks, Special","Blue",30070,4113854,"TR.BLUE","FLAT TILE 1X2 - TR","£0.12"
"Bricks, Special","Blue",30070,4113854,"TR.BLUE","FLAT TILE 1X2 - TR","£0.12"
"Bricks, Special","Blue",30070,4113854,"TR.BLUE","FLAT TILE 1X2 - TR","£0.12"
"Bricks, Special","Blue",30070,4113854,"TR.BLUE","FLAT TILE 1X2 - TR","£0.12"
"Bricks, Special","Blue",30070,4113854,"TR.BLUE","FLAT TILE 1X2 - TR","£0.12"
"Bricks, Special","Blue",30070,4113854,"TR.BLUE","FLAT TILE 1X2 - TR","£0.12"
"Bricks, Special","Blue",30070,4113854,"TR.BLUE","FLAT TILE 1X2 - TR","£0.12"
"Bricks, Special","Blue",30070,4113854,"TR.BLUE","FLAT TILE 1X2 - TR","£0.12"
"Bricks, Special","Blue",30070,4113854,"TR.BLUE","FLAT TILE 1X2 - TR","£0.12"
"Bricks, Special","Blue",30070,4113854,"TR.BLUE","FLAT TILE 1X2 - TR","£0.12"
"Bricks, Special","Blue",30070,4113854,"TR.BLUE","FLAT TILE 1X2 - TR","£0.12"
"Bricks, Special","Blue",30070,4113854,"TR.BLUE","FLAT TILE 1X2 - TR","£0.12"
"Bricks, Special","Blue",30070,4113854,"TR.BLUE","FLAT TILE 1X2 - TR","£0.12"
"Bricks, Special","Blue",30070,4113854,"TR.BLUE","FLAT TILE 1X2 - TR","£0.12"
"Bricks, Special","Blue",30070,4113854,"TR.BLUE","FLAT TILE 1X2 - TR","£0.12"
"Bricks, Special","Blue",30070,4113854,"TR.BLUE","FLAT TILE 1X2 - TR","£0.12"
"Bricks, Special","Blue",30070,4113854,"TR.BLUE","FLAT TILE 1X2 - TR","£0.12"
"Bricks, Special","Blue",30070,4113854,"TR.BLUE","FLAT TILE 1X2 - TR","£0.12"
"Bricks, Special","Blue",30070,4113854,"TR.BLUE","FLAT TILE 1X2 - TR","£0.12"
"Bricks, Special","Blue",30070,4113854,"TR.BLUE","FLAT TILE 1X2 - TR","£0.12"
"Bricks, Special","Blue",30070,4113854,"TR.BLUE","FLAT TILE 1X2 - TR","£0.12"
"Bricks, Special","Blue",30070,4113854,"TR.BLUE","FLAT TILE 1X2 - TR","£0.12"
"Bricks, Special","Blue",30070,4113854,"TR.BLUE","FLAT TILE 1X2 - TR","£0.12"
"Bricks, Special","Blue",30070,4113854,"TR.BLUE","FLAT TILE 1X2 - TR","£0.12"
"Bricks, Special","Blue",30070,4113854,"TR.BLUE","FLAT TILE 1X2 - TR","£0.12"
"Bricks, Special","Blue",30070,4113854,"TR.BLUE","FLAT TILE 1X2 - TR","£0.12"
"Bricks, Special","Blue",30070,4113854,"TR.BLUE","FLAT TILE 1X2 - TR","£0.12"
"Bricks, Special","Blue",30070,4113854,"TR.BLUE","FLAT TILE 1X2 - TR","£0.12"
"Bricks, Special","Blue",30070,4113854,"TR.BLUE","FLAT TILE 1X2 - TR","£0.12"
"Bricks, Special","Blue",30070,4113854,"TR.BLUE","FLAT TILE 1X2 - TR","£0.12"
"Bricks, Special","Blue",30070,4113854,"TR.BLUE","FLAT TILE 1X2 - TR","£0.12"
"Bricks, Special","Blue",30070,4113854,"TR.BLUE","FLAT TILE 1X2 - TR","£0.12"
"Bricks, Special","Blue",30070,4113854,"TR.BLUE","FLAT TILE 1X2 - TR","£0.12"
"Bricks, Special","Blue",30070,4113854,"TR.BLUE","FLAT TILE 1X2 - TR","£0.12"
"Bricks, Special","Blue",30070,4113854,"TR.BLUE","FLAT TILE 1X2 - TR","£0.12"
"Bricks, Special","Blue",30070,4113854,"TR.BLUE","FLAT TILE 1X2 - TR","£0.12"
"Bricks, Special","Blue",30070,4113854,"TR.BLUE","FLAT TILE 1X2 - TR","£0.12"
"Bricks, Special","Blue",30070,4113854,"TR.BLUE","FLAT TILE 1X2 - TR","£0.12"
"Bricks, Special","Blue",30071,4119350,"TR.BLUE","BRICK 1X1 - TR","£0.11"
"Bricks, Special","Blue",30071,4119350,"TR.BLUE","BRICK 1X1 - TR","£0.11"
"Bricks, Special","Blue",30071,4119350,"TR.BLUE","BRICK 1X1 - TR","£0.11"
"Bricks, Special","Blue",30071,4119350,"TR.BLUE","BRICK 1X1 - TR","£0.11"
"Bricks, Special","Blue",30071,4119350,"TR.BLUE","BRICK 1X1 - TR","£0.11"
"Bricks, Special","Blue",30071,4119350,"TR.BLUE","BRICK 1X1 - TR","£0.11"
"Bricks, Special","Blue",30071,4119350,"TR.BLUE","BRICK 1X1 - TR","£0.11"
"Bricks, Special","Blue",30071,4119350,"TR.BLUE","BRICK 1X1 - TR","£0.11"
"Bricks, Special","Blue",30071,4119350,"TR.BLUE","BRICK 1X1 - TR","£0.11"
"Bricks, Special","Blue",30071,4119350,"TR.BLUE","BRICK 1X1 - TR","£0.11"
"Bricks, Special","Blue",30071,4119350,"TR.BLUE","BRICK 1X1 - TR","£0.11"
"Bricks, Special","Blue",30071,4119350,"TR.BLUE","BRICK 1X1 - TR","£0.11"
"Bricks, Special","Blue",30071,4119350,"TR.BLUE","BRICK 1X1 - TR","£0.11"
"Bricks, Special","Blue",30071,4119350,"TR.BLUE","BRICK 1X1 - TR","£0.11"
"Bricks, Special","Blue",30071,4119350,"TR.BLUE","BRICK 1X1 - TR","£0.11"
"Bricks, Special","Blue",30071,4119350,"TR.BLUE","BRICK 1X1 - TR","£0.11"
"Bricks, Special","Blue",30071,4119350,"TR.BLUE","BRICK 1X1 - TR","£0.11"
"Bricks, Special","Blue",30071,4119350,"TR.BLUE","BRICK 1X1 - TR","£0.11"
"Bricks, Special","Blue",30071,4119350,"TR.BLUE","BRICK 1X1 - TR","£0.11"
"Bricks, Special","Blue",30071,4119350,"TR.BLUE","BRICK 1X1 - TR","£0.11"
"Bricks, Special","Blue",30071,4119350,"TR.BLUE","BRICK 1X1 - TR","£0.11"
"Bricks, Special","Blue",30071,4119350,"TR.BLUE","BRICK 1X1 - TR","£0.11"
"Bricks, Special","Blue",30071,4119350,"TR.BLUE","BRICK 1X1 - TR","£0.11"
"Bricks, Special","Blue",30071,4119350,"TR.BLUE","BRICK 1X1 - TR","£0.11"
"Bricks, Special","Blue",30071,4119350,"TR.BLUE","BRICK 1X1 - TR","£0.11"
"Bricks, Special","Blue",30071,4119350,"TR.BLUE","BRICK 1X1 - TR","£0.11"
"Bricks, Special","Blue",30071,4119350,"TR.BLUE","BRICK 1X1 - TR","£0.11"
"Bricks, Special","Blue",30071,4119350,"TR.BLUE","BRICK 1X1 - TR","£0.11"
"Bricks, Special","Blue",30071,4119350,"TR.BLUE","BRICK 1X1 - TR","£0.11"
"Bricks, Special","Blue",30071,4119350,"TR.BLUE","BRICK 1X1 - TR","£0.11"
"Bricks, Special","Blue",30071,4119350,"TR.BLUE","BRICK 1X1 - TR","£0.11"
"Bricks, Special","Blue",30071,4119350,"TR.BLUE","BRICK 1X1 - TR","£0.11"
"Bricks, Special","Blue",30071,4119350,"TR.BLUE","BRICK 1X1 - TR","£0.11"
"Bricks, Special","Blue",30071,4119350,"TR.BLUE","BRICK 1X1 - TR","£0.11"
"Bricks, Special","Blue",30071,4119350,"TR.BLUE","BRICK 1X1 - TR","£0.11"
"Bricks, Special","Blue",30071,4119350,"TR.BLUE","BRICK 1X1 - TR","£0.11"
"Bricks, Special","Blue",30071,4119350,"TR.BLUE","BRICK 1X1 - TR","£0.11"
"Bricks, Special","Blue",30071,4119350,"TR.BLUE","BRICK 1X1 - TR","£0.11"
"Bricks, Special","Blue",30090,4106554,"TR.BLUE","DIVERS MASK",
"Bricks, Special","Blue",30090,4106554,"TR.BLUE","DIVERS MASK",
"Bricks, Special","Blue",30090,4106554,"TR.BLUE","DIVERS MASK",
"Bricks, Special","Blue",30090,4106554,"TR.BLUE","DIVERS MASK",
"Bricks, Special","Blue",30090,4106554,"TR.BLUE","DIVERS MASK",
"Bricks, Special","Blue",30090,4106554,"TR.BLUE","DIVERS MASK",
"Bricks, Special","Blue",30090,4106554,"TR.BLUE","DIVERS MASK",
"Bricks, Special","Blue",30090,4106554,"TR.BLUE","DIVERS MASK",
"Bricks, Special","Blue",30090,4163222,"TR.BLUE","DIVERS MASK",
"Bricks, Special","Blue",30090,4163222,"TR.BLUE","DIVERS MASK",
"Bricks, Special","Blue",30090,4163222,"TR.BLUE","DIVERS MASK",
"Bricks, Special","Blue",30090,4163222,"TR.BLUE","DIVERS MASK",
"Bricks, Special","Blue",30090,4163222,"TR.BLUE","DIVERS MASK",
"Bricks, Special","Blue",30090,4163222,"TR.BLUE","DIVERS MASK",
"Bricks, Special","Blue",30090,4163222,"TR.BLUE","DIVERS MASK",
"Bricks, Special","Blue",30090,4163222,"TR.BLUE","DIVERS MASK",
"Bricks, Special","Blue",30090,4163222,"TR.BLUE","DIVERS MASK",
"Bricks, Special","Blue",30153,4119483,"TR.BLUE","DIAMOND WITH STICK","£0.10"
"Bricks, Special","Blue",30153,4119483,"TR.BLUE","DIAMOND WITH STICK","£0.10"
"Bricks, Special","Blue",30153,4119483,"TR.BLUE","DIAMOND WITH STICK","£0.10"
"Bricks, Special","Blue",30153,4119483,"TR.BLUE","DIAMOND WITH STICK","£0.10"
"Bricks, Special","Blue",30153,4119483,"TR.BLUE","DIAMOND WITH STICK","£0.10"
"Bricks, Special","Blue",30153,4119483,"TR.BLUE","DIAMOND WITH STICK","£0.10"
"Bricks, Special","Blue",30153,4119483,"TR.BLUE","DIAMOND WITH STICK","£0.10"
"Bricks, Special","Blue",30153,4119483,"TR.BLUE","DIAMOND WITH STICK","£0.10"
"Bricks, Special","Blue",30153,4119483,"TR.BLUE","DIAMOND WITH STICK","£0.10"
"Bricks, Special","Blue",30153,4119483,"TR.BLUE","DIAMOND WITH STICK","£0.10"
"Bricks, Special","Blue",30153,4119483,"TR.BLUE","DIAMOND WITH STICK","£0.10"
"Bricks, Special","Blue",30153,4119483,"TR.BLUE","DIAMOND WITH STICK","£0.10"
"Bricks, Special","Blue",30153,4119483,"TR.BLUE","DIAMOND WITH STICK","£0.10"
"Bricks, Special","Blue",30153,4119483,"TR.BLUE","DIAMOND WITH STICK","£0.10"
"Bricks, Special","Blue",30153,4119483,"TR.BLUE","DIAMOND WITH STICK","£0.10"
"Bricks, Special","Blue",30153,4119483,"TR.BLUE","DIAMOND WITH STICK","£0.10"
"Bricks, Special","Blue",30153,4119483,"TR.BLUE","DIAMOND WITH STICK","£0.10"
"Bricks, Special","Blue",30153,4119483,"TR.BLUE","DIAMOND WITH STICK","£0.10"
"Bricks, Special","Blue",30153,4119483,"TR.BLUE","DIAMOND WITH STICK","£0.10"
"Bricks, Special","Blue",30153,4119483,"TR.BLUE","DIAMOND WITH STICK","£0.10"
"Bricks, Special","Blue",30153,4119483,"TR.BLUE","DIAMOND WITH STICK","£0.10"
"Bricks, Special","Blue",30153,4119483,"TR.BLUE","DIAMOND WITH STICK","£0.10"
"Bricks, Special","Blue",30153,4119483,"TR.BLUE","DIAMOND WITH STICK","£0.10"
"Bricks, Special","Blue",30153,4119483,"TR.BLUE","DIAMOND WITH STICK","£0.10"
"Bricks, Special","Blue",30153,4119483,"TR.BLUE","DIAMOND WITH STICK","£0.10"
"Bricks, Special","Blue",30153,4119483,"TR.BLUE","DIAMOND WITH STICK","£0.10"
"Bricks, Special","Blue",30153,4119483,"TR.BLUE","DIAMOND WITH STICK","£0.10"
"Bricks, Special","Blue",30153,4119483,"TR.BLUE","DIAMOND WITH STICK","£0.10"
"Bricks, Special","Blue",30153,4119483,"TR.BLUE","DIAMOND WITH STICK","£0.10"
"Bricks, Special","Blue",30153,4119483,"TR.BLUE","DIAMOND WITH STICK","£0.10"
"Bricks, Special","Blue",30153,4119483,"TR.BLUE","DIAMOND WITH STICK","£0.10"
"Bricks, Special","Blue",30153,4119483,"TR.BLUE","DIAMOND WITH STICK","£0.10"
"Bricks, Special","Blue",30153,4119483,"TR.BLUE","DIAMOND WITH STICK","£0.10"
"Bricks, Special","Blue",30153,4119483,"TR.BLUE","DIAMOND WITH STICK","£0.10"
"Bricks, Special","Blue",30153,4119483,"TR.BLUE","DIAMOND WITH STICK","£0.10"
"Bricks, Special","Blue",30153,4119483,"TR.BLUE","DIAMOND WITH STICK","£0.10"
"Bricks, Special","Blue",30153,4119483,"TR.BLUE","DIAMOND WITH STICK","£0.10"
"Bricks, Special","Blue",30153,4119483,"TR.BLUE","DIAMOND WITH STICK","£0.10"
"Bricks, Special","Blue",30153,4119483,"TR.BLUE","DIAMOND WITH STICK","£0.10"
"Bricks, Special","Blue",30153,4119483,"TR.BLUE","DIAMOND WITH STICK","£0.10"
"Bricks, Special","Blue",30153,4119483,"TR.BLUE","DIAMOND WITH STICK","£0.10"
"Bricks, Special","Blue",30153,4119483,"TR.BLUE","DIAMOND WITH STICK","£0.10"
"Bricks, Special","Blue",30153,4119483,"TR.BLUE","DIAMOND WITH STICK","£0.10"
"Bricks, Special","Blue",30153,4119483,"TR.BLUE","DIAMOND WITH STICK","£0.10"
"Bricks, Special","Blue",30153,4119483,"TR.BLUE","DIAMOND WITH STICK","£0.10"
"Bricks, Special","Blue",30153,4119483,"TR.BLUE","DIAMOND WITH STICK","£0.10"
"Bricks, Special","Blue",30153,4119483,"TR.BLUE","DIAMOND WITH STICK","£0.10"
"Bricks, Special","Blue",30153,4119483,"TR.BLUE","DIAMOND WITH STICK","£0.10"
"Bricks, Special","Blue",30153,4119483,"TR.BLUE","DIAMOND WITH STICK","£0.10"
"Bricks, Special","Blue",30153,4119483,"TR.BLUE","DIAMOND WITH STICK","£0.10"
"Bricks, Special","Blue",30153,4119483,"TR.BLUE","DIAMOND WITH STICK","£0.10"
"Bricks, Special","Blue",30153,4119483,"TR.BLUE","DIAMOND WITH STICK","£0.10"
"Bricks, Special","Blue",30153,4119483,"TR.BLUE","DIAMOND WITH STICK","£0.10"
"Bricks, Special","Blue",30153,4119483,"TR.BLUE","DIAMOND WITH STICK","£0.10"
"Bricks, Special","Blue",30170,4201739,"TR.BLUE","FLYING GOGGLES",
"Bricks, Special","Blue",30238,4120134,"TR.BLUE","SPIDER",
"Bricks, Special","Blue",30238,4120134,"TR.BLUE","SPIDER",
"Bricks, Special","Blue",30238,4206907,"TR.BLUE","SPIDER",
"Bricks, Special","Blue",30238,4206907,"TR.BLUE","SPIDER",
"Bricks, Special","Blue",30238,4206907,"TR.BLUE","SPIDER",
"Bricks, Special","Blue",30238,4206907,"TR.BLUE","SPIDER",
"Bricks, Special","Blue",30238,4206907,"TR.BLUE","SPIDER",
"Bricks, Special","Blue",30292,4116925,"TR.BLUE","BANNER W. 3.18 STICK 3X8",
"Bricks, Special","Blue",30292,4116925,"TR.BLUE","BANNER W. 3.18 STICK 3X8",
"Bricks, Special","Blue",30292,4116925,"TR.BLUE","BANNER W. 3.18 STICK 3X8",
"Bricks, Special","Blue",30292,4116925,"TR.BLUE","BANNER W. 3.18 STICK 3X8",
"Bricks, Special","Blue",30372,4142911,"TR.BLUE","COCKPIT 4X7X2 FRIC/FORK",
"Bricks, Special","Blue",30374,4614407,"TR.BLUE","LIGHT SWORD - BLADE",
"Bricks, Special","Blue",30374,4614407,"TR.BLUE","LIGHT SWORD - BLADE",
"Bricks, Special","Blue",30374,4614407,"TR.BLUE","LIGHT SWORD - BLADE",
"Bricks, Special","Blue",30385,4541538,"TR.BLUE","ROCK CRYSTAL, TRANSPARENT","£0.18"
"Bricks, Special","Blue",30385,4541538,"TR.BLUE","ROCK CRYSTAL, TRANSPARENT","£0.18"
"Bricks, Special","Blue",30385,4541538,"TR.BLUE","ROCK CRYSTAL, TRANSPARENT","£0.18"
"Bricks, Special","Blue",30385,4541538,"TR.BLUE","ROCK CRYSTAL, TRANSPARENT","£0.18"
"Bricks, Special","Blue",30385,4541538,"TR.BLUE","ROCK CRYSTAL, TRANSPARENT","£0.18"
"Bricks, Special","Blue",30385,4541538,"TR.BLUE","ROCK CRYSTAL, TRANSPARENT","£0.18"
"Bricks, Special","Blue",30385,4541538,"TR.BLUE","ROCK CRYSTAL, TRANSPARENT","£0.18"
"Bricks, Special","Blue",30385,4541538,"TR.BLUE","ROCK CRYSTAL, TRANSPARENT","£0.18"
"Bricks, Special","Blue",30385,4541538,"TR.BLUE","ROCK CRYSTAL, TRANSPARENT","£0.18"
"Bricks, Special","Blue",30385,4541538,"TR.BLUE","ROCK CRYSTAL, TRANSPARENT","£0.18"
"Bricks, Special","Blue",30385,4541538,"TR.BLUE","ROCK CRYSTAL, TRANSPARENT","£0.18"
"Bricks, Special","Blue",30385,4541538,"TR.BLUE","ROCK CRYSTAL, TRANSPARENT","£0.18"
"Bricks, Special","Blue",33061,4216370,"TR.BLUE","DRINKING GLASS",
"Bricks, Special","Blue",33061,4216370,"TR.BLUE","DRINKING GLASS",
"Bricks, Special","Blue",33061,4216370,"TR.BLUE","DRINKING GLASS",
"Bricks, Special","Blue",33766,6190269,"TR.BLUE","FLAT TILE 2X3, W/ ANGLE, NO. 92",
"Bricks, Special","Blue",33772,6190292,"TR.BLUE","FLAT TILE 2X3, W/ ANGLE, NO. 95",
"Bricks, Special","Blue",34387,6195107,"TR.BLUE","FLAT TILE 2X3, W/ ANGLE, NO. 73","£0.50"
"Bricks, Special","Blue",40996,4154079,"TR.BLUE","LIGHT BAR 1X4",
"Bricks, Special","Blue",40996,4154079,"TR.BLUE","LIGHT BAR 1X4",
"Bricks, Special","Blue",40996,4154079,"TR.BLUE","LIGHT BAR 1X4",
"Bricks, Special","Blue",40996,4154079,"TR.BLUE","LIGHT BAR 1X4",
"Bricks, Special","Blue",40996,4154079,"TR.BLUE","LIGHT BAR 1X4",
"Bricks, Special","Blue",40996,4154079,"TR.BLUE","LIGHT BAR 1X4",
"Bricks, Special","Blue",40996,4154079,"TR.BLUE","LIGHT BAR 1X4",
"Bricks, Special","Blue",40996,4154079,"TR.BLUE","LIGHT BAR 1X4",
"Bricks, Special","Blue",40996,4154079,"TR.BLUE","LIGHT BAR 1X4",
"Bricks, Special Circles And Angles","Blue",41669,6133516,"TR.BLUE","BION. EYE","£0.22"
"Bricks, Special Circles And Angles","Blue",41669,6133516,"TR.BLUE","BION. EYE","£0.22"
"Bricks, Special Circles And Angles","Blue",41669,6133516,"TR.BLUE","BION. EYE","£0.22"
"Bricks, Special Circles And Angles","Blue",41669,6133516,"TR.BLUE","BION. EYE","£0.22"
"Bricks, Special Circles And Angles","Blue",41669,6133516,"TR.BLUE","BION. EYE","£0.22"
"Bricks, Special Circles And Angles","Blue",41669,6133516,"TR.BLUE","BION. EYE","£0.22"
"Bricks, Special Circles And Angles","Blue",41669,6133516,"TR.BLUE","BION. EYE","£0.22"
"Bricks, Special Circles And Angles","Blue",41669,6133516,"TR.BLUE","BION. EYE","£0.22"
"Bricks, Special Circles And Angles","Blue",41669,6133516,"TR.BLUE","BION. EYE","£0.22"
"Bricks, Special Circles And Angles","Blue",41669,6133516,"TR.BLUE","BION. EYE","£0.22"
"Bricks, Special Circles And Angles","Blue",41669,6133516,"TR.BLUE","BION. EYE","£0.22"
"Bricks, Special Circles And Angles","Blue",41669,6133516,"TR.BLUE","BION. EYE","£0.22"
"Bricks, Special Circles And Angles","Blue",41669,6133516,"TR.BLUE","BION. EYE","£0.22"
"Bricks, Special Circles And Angles","Blue",41669,6133516,"TR.BLUE","BION. EYE","£0.22"
"Bricks, Special","Blue",41751,4551541,"TR.BLUE","SHELL 6X8X2 W/BOW/ANGLE",
"Bricks, Special","Blue",41763,4584484,"TR.BLUE","BRICK 1X6 W/BOW, REV.",
"Bricks, Special","Blue",45705,6089633,"TR.BLUE","SHELL 6X10X2 W/BOW/ANGLE, PC","£1.42"
"Bricks, Special","Blue",45705,6089633,"TR.BLUE","SHELL 6X10X2 W/BOW/ANGLE, PC","£1.42"
"Bricks, Special","Blue",45705,6089633,"TR.BLUE","SHELL 6X10X2 W/BOW/ANGLE, PC","£1.42"
"Bricks, Special","Blue",46413,6097027,"TR.BLUE","SHELL 4X8X2 W/FORKS",
"Bricks, Special Circles And Angles","Blue",47313,4238917,"TR.BLUE","HEAD/BACK Ø 4.85",
"Bricks, Special","Blue",47674,4236960,"TR.BLUE","CONTAINER, MEDIUM Ø77.8",
"Bricks, Special","Blue",47904,6134912,"TR.BLUE","FRONT, 2X2, SPORT, TR.","£0.25"
"Bricks, Special","Blue",47904,6134912,"TR.BLUE","FRONT, 2X2, SPORT, TR.","£0.25"
"Bricks, Special","Blue",47904,6134912,"TR.BLUE","FRONT, 2X2, SPORT, TR.","£0.25"
"Bricks, Special","Blue",50746,4244366,"TR.BLUE","ROOF TILE 1 X 1 X 2/3","£0.06"
"Bricks, Special","Blue",50746,4244366,"TR.BLUE","ROOF TILE 1 X 1 X 2/3","£0.06"
"Bricks, Special","Blue",50746,4244366,"TR.BLUE","ROOF TILE 1 X 1 X 2/3","£0.06"
"Bricks, Special","Blue",50746,4244366,"TR.BLUE","ROOF TILE 1 X 1 X 2/3","£0.06"
"Bricks, Special","Blue",50746,4244366,"TR.BLUE","ROOF TILE 1 X 1 X 2/3","£0.06"
"Bricks, Special","Blue",50746,4244366,"TR.BLUE","ROOF TILE 1 X 1 X 2/3","£0.06"
"Bricks, Special","Blue",50746,4244366,"TR.BLUE","ROOF TILE 1 X 1 X 2/3","£0.06"
"Bricks, Special","Blue",50746,4244366,"TR.BLUE","ROOF TILE 1 X 1 X 2/3","£0.06"
"Bricks, Special","Blue",50746,4244366,"TR.BLUE","ROOF TILE 1 X 1 X 2/3","£0.06"
"Bricks, Special","Blue",50746,4244366,"TR.BLUE","ROOF TILE 1 X 1 X 2/3","£0.06"
"Bricks, Special","Blue",50746,4244366,"TR.BLUE","ROOF TILE 1 X 1 X 2/3","£0.06"
"Bricks, Special","Blue",50746,4244366,"TR.BLUE","ROOF TILE 1 X 1 X 2/3","£0.06"
"Bricks, Special","Blue",50746,4244366,"TR.BLUE","ROOF TILE 1 X 1 X 2/3","£0.06"
"Bricks, Special","Blue",50746,4244366,"TR.BLUE","ROOF TILE 1 X 1 X 2/3","£0.06"
"Bricks, Special","Blue",50746,4244366,"TR.BLUE","ROOF TILE 1 X 1 X 2/3","£0.06"
"Bricks, Special","Blue",50746,4244366,"TR.BLUE","ROOF TILE 1 X 1 X 2/3","£0.06"
"Bricks, Special","Blue",50746,4244366,"TR.BLUE","ROOF TILE 1 X 1 X 2/3","£0.06"
"Bricks, Special","Blue",50746,4244366,"TR.BLUE","ROOF TILE 1 X 1 X 2/3","£0.06"
"Bricks, Special","Blue",50746,4244366,"TR.BLUE","ROOF TILE 1 X 1 X 2/3","£0.06"
"Bricks, Special","Blue",50746,4244366,"TR.BLUE","ROOF TILE 1 X 1 X 2/3","£0.06"
"Bricks, Special","Blue",50746,4244366,"TR.BLUE","ROOF TILE 1 X 1 X 2/3","£0.06"
"Bricks, Special","Blue",50746,4244366,"TR.BLUE","ROOF TILE 1 X 1 X 2/3","£0.06"
"Bricks, Special","Blue",50746,4244366,"TR.BLUE","ROOF TILE 1 X 1 X 2/3","£0.06"
"Bricks, Special","Blue",50746,4244366,"TR.BLUE","ROOF TILE 1 X 1 X 2/3","£0.06"
"Bricks, Special","Blue",50746,4244366,"TR.BLUE","ROOF TILE 1 X 1 X 2/3","£0.06"
"Bricks, Special","Blue",50746,4244366,"TR.BLUE","ROOF TILE 1 X 1 X 2/3","£0.06"
"Bricks, Special","Blue",50746,4244366,"TR.BLUE","ROOF TILE 1 X 1 X 2/3","£0.06"
"Bricks, Special","Blue",50746,4244366,"TR.BLUE","ROOF TILE 1 X 1 X 2/3","£0.06"
"Bricks, Special","Blue",50746,4244366,"TR.BLUE","ROOF TILE 1 X 1 X 2/3","£0.06"
"Bricks, Special","Blue",50746,4244366,"TR.BLUE","ROOF TILE 1 X 1 X 2/3","£0.06"
"Bricks, Special","Blue",50746,4244366,"TR.BLUE","ROOF TILE 1 X 1 X 2/3","£0.06"
"Bricks, Special","Blue",50746,4244366,"TR.BLUE","ROOF TILE 1 X 1 X 2/3","£0.06"
"Bricks, Special","Blue",50746,4244366,"TR.BLUE","ROOF TILE 1 X 1 X 2/3","£0.06"
"Bricks, Special","Blue",50746,4244366,"TR.BLUE","ROOF TILE 1 X 1 X 2/3","£0.06"
"Bricks, Special","Blue",50746,4244366,"TR.BLUE","ROOF TILE 1 X 1 X 2/3","£0.06"
"Bricks, Special","Blue",50746,4244366,"TR.BLUE","ROOF TILE 1 X 1 X 2/3","£0.06"
"Bricks, Special","Blue",50746,4244366,"TR.BLUE","ROOF TILE 1 X 1 X 2/3","£0.06"
"Bricks, Special","Blue",50746,4244366,"TR.BLUE","ROOF TILE 1 X 1 X 2/3","£0.06"
"Bricks, Special","Blue",50746,4244366,"TR.BLUE","ROOF TILE 1 X 1 X 2/3","£0.06"
"Bricks, Special","Blue",50746,4244366,"TR.BLUE","ROOF TILE 1 X 1 X 2/3","£0.06"
"Bricks, Special","Blue",50746,4244366,"TR.BLUE","ROOF TILE 1 X 1 X 2/3","£0.06"
"Bricks, Special","Blue",50746,4244366,"TR.BLUE","ROOF TILE 1 X 1 X 2/3","£0.06"
"Bricks, Special","Blue",50746,4244366,"TR.BLUE","ROOF TILE 1 X 1 X 2/3","£0.06"
"Bricks, Special","Blue",50746,4244366,"TR.BLUE","ROOF TILE 1 X 1 X 2/3","£0.06"
"Bricks, Special","Blue",50746,4244366,"TR.BLUE","ROOF TILE 1 X 1 X 2/3","£0.06"
"Bricks, Special","Blue",50746,4244366,"TR.BLUE","ROOF TILE 1 X 1 X 2/3","£0.06"
"Bricks, Special","Blue",50746,4244366,"TR.BLUE","ROOF TILE 1 X 1 X 2/3","£0.06"
"Bricks, Special","Blue",50746,4244366,"TR.BLUE","ROOF TILE 1 X 1 X 2/3","£0.06"
"Bricks, Special","Blue",50746,4244366,"TR.BLUE","ROOF TILE 1 X 1 X 2/3","£0.06"
"Bricks, Special","Blue",50746,4244366,"TR.BLUE","ROOF TILE 1 X 1 X 2/3","£0.06"
"Bricks, Special","Blue",50746,4244366,"TR.BLUE","ROOF TILE 1 X 1 X 2/3","£0.06"
"Bricks, Special","Blue",50746,4244366,"TR.BLUE","ROOF TILE 1 X 1 X 2/3","£0.06"
"Bricks, Special","Blue",50746,4244366,"TR.BLUE","ROOF TILE 1 X 1 X 2/3","£0.06"
"Bricks, Special","Blue",50746,4244366,"TR.BLUE","ROOF TILE 1 X 1 X 2/3","£0.06"
"Bricks, Special","Blue",50746,4244366,"TR.BLUE","ROOF TILE 1 X 1 X 2/3","£0.06"
"Bricks, Special","Blue",50746,4244366,"TR.BLUE","ROOF TILE 1 X 1 X 2/3","£0.06"
"Bricks, Special","Blue",50746,4244366,"TR.BLUE","ROOF TILE 1 X 1 X 2/3","£0.06"
"Bricks, Special","Blue",50746,4244366,"TR.BLUE","ROOF TILE 1 X 1 X 2/3","£0.06"
"Bricks, Special","Blue",50746,4244366,"TR.BLUE","ROOF TILE 1 X 1 X 2/3","£0.06"
"Bricks, Special","Blue",50746,4244366,"TR.BLUE","ROOF TILE 1 X 1 X 2/3","£0.06"
"Bricks, Special","Blue",50746,4244366,"TR.BLUE","ROOF TILE 1 X 1 X 2/3","£0.06"
"Bricks, Special","Blue",50746,4244366,"TR.BLUE","ROOF TILE 1 X 1 X 2/3","£0.06"
"Bricks, Special","Blue",50746,4244366,"TR.BLUE","ROOF TILE 1 X 1 X 2/3","£0.06"
"Bricks, Special","Blue",50746,4244366,"TR.BLUE","ROOF TILE 1 X 1 X 2/3","£0.06"
"Bricks, Special","Blue",50746,4244366,"TR.BLUE","ROOF TILE 1 X 1 X 2/3","£0.06"
"Bricks, Special","Blue",50746,4244366,"TR.BLUE","ROOF TILE 1 X 1 X 2/3","£0.06"
"Bricks, Special","Blue",50746,4244366,"TR.BLUE","ROOF TILE 1 X 1 X 2/3","£0.06"
"Bricks, Special","Blue",50746,4244366,"TR.BLUE","ROOF TILE 1 X 1 X 2/3","£0.06"
"Bricks, Special","Blue",50746,4244366,"TR.BLUE","ROOF TILE 1 X 1 X 2/3","£0.06"
"Bricks, Special","Blue",50746,4244366,"TR.BLUE","ROOF TILE 1 X 1 X 2/3","£0.06"
"Bricks, Special","Blue",50746,4244366,"TR.BLUE","ROOF TILE 1 X 1 X 2/3","£0.06"
"Bricks, Special","Blue",50746,4244366,"TR.BLUE","ROOF TILE 1 X 1 X 2/3","£0.06"
"Bricks, Special","Blue",50746,4244366,"TR.BLUE","ROOF TILE 1 X 1 X 2/3","£0.06"
"Bricks, Special","Blue",50746,4244366,"TR.BLUE","ROOF TILE 1 X 1 X 2/3","£0.06"
"Bricks, Special","Blue",50746,4244366,"TR.BLUE","ROOF TILE 1 X 1 X 2/3","£0.06"
"Bricks, Special","Blue",50746,4244366,"TR.BLUE","ROOF TILE 1 X 1 X 2/3","£0.06"
"Bricks, Special","Blue",50746,4244366,"TR.BLUE","ROOF TILE 1 X 1 X 2/3","£0.06"
"Bricks, Special","Blue",50746,4244366,"TR.BLUE","ROOF TILE 1 X 1 X 2/3","£0.06"
"Bricks, Special","Blue",50746,4244366,"TR.BLUE","ROOF TILE 1 X 1 X 2/3","£0.06"
"Bricks, Special","Blue",50746,4244366,"TR.BLUE","ROOF TILE 1 X 1 X 2/3","£0.06"
"Bricks, Special","Blue",54196,4623595,"TR.BLUE","SLIDE SHOE ROUND 2X2","£0.13"
"Bricks, Special","Blue",54196,4623595,"TR.BLUE","SLIDE SHOE ROUND 2X2","£0.13"
"Bricks, Special","Blue",54196,4623595,"TR.BLUE","SLIDE SHOE ROUND 2X2","£0.13"
"Bricks, Special","Blue",54196,4623595,"TR.BLUE","SLIDE SHOE ROUND 2X2","£0.13"
"Bricks, Special","Blue",54196,4623595,"TR.BLUE","SLIDE SHOE ROUND 2X2","£0.13"
"Bricks, Special","Blue",54196,4623595,"TR.BLUE","SLIDE SHOE ROUND 2X2","£0.13"
"Bricks, Special","Blue",54196,4623595,"TR.BLUE","SLIDE SHOE ROUND 2X2","£0.13"
"Bricks, Special","Blue",54196,4623595,"TR.BLUE","SLIDE SHOE ROUND 2X2","£0.13"
"Bricks, Special","Blue",54196,4623595,"TR.BLUE","SLIDE SHOE ROUND 2X2","£0.13"
"Bricks, Special","Blue",54196,4623595,"TR.BLUE","SLIDE SHOE ROUND 2X2","£0.13"
"Bricks, Special","Blue",54196,4623595,"TR.BLUE","SLIDE SHOE ROUND 2X2","£0.13"
"Bricks, Special","Blue",54196,4623595,"TR.BLUE","SLIDE SHOE ROUND 2X2","£0.13"
"Bricks","Blue",55958,4292839,"TR.BLUE","SHINGLED ROOF 2X4X2 43/102",
"Bricks","Blue",55958,4292839,"TR.BLUE","SHINGLED ROOF 2X4X2 43/102",
"Bricks, Special Circles And Angles","Blue",57587,4502597,"TR.BLUE","DOME",
"Bricks, Special","Blue",57906,6133936,"TR.BLUE","FLAP 3x12x2/3 W. FORK","£0.60"
"Bricks, Special","Blue",57906,6133936,"TR.BLUE","FLAP 3x12x2/3 W. FORK","£0.60"
"Bricks, Special","Blue",57906,6133936,"TR.BLUE","FLAP 3x12x2/3 W. FORK","£0.60"
"Bricks, Special","Blue",58176,4497952,"TR.BLUE","COUPLE W. 3.2 STICK","£0.07"
"Bricks, Special","Blue",58176,4497952,"TR.BLUE","COUPLE W. 3.2 STICK","£0.07"
"Bricks, Special","Blue",58176,4497952,"TR.BLUE","COUPLE W. 3.2 STICK","£0.07"
"Bricks, Special","Blue",58176,4497952,"TR.BLUE","COUPLE W. 3.2 STICK","£0.07"
"Bricks, Special","Blue",58176,4497952,"TR.BLUE","COUPLE W. 3.2 STICK","£0.07"
"Bricks, Special","Blue",58176,4497952,"TR.BLUE","COUPLE W. 3.2 STICK","£0.07"
"Bricks, Special","Blue",58176,4497952,"TR.BLUE","COUPLE W. 3.2 STICK","£0.07"
"Bricks, Special","Blue",58176,4497952,"TR.BLUE","COUPLE W. 3.2 STICK","£0.07"
"Bricks, Special","Blue",58176,4497952,"TR.BLUE","COUPLE W. 3.2 STICK","£0.07"
"Bricks, Special","Blue",58176,4497952,"TR.BLUE","COUPLE W. 3.2 STICK","£0.07"
"Bricks, Special","Blue",58176,4497952,"TR.BLUE","COUPLE W. 3.2 STICK","£0.07"
"Bricks, Special","Blue",58176,4497952,"TR.BLUE","COUPLE W. 3.2 STICK","£0.07"
"Bricks, Special","Blue",58176,4497952,"TR.BLUE","COUPLE W. 3.2 STICK","£0.07"
"Bricks, Special","Blue",58176,4497952,"TR.BLUE","COUPLE W. 3.2 STICK","£0.07"
"Bricks, Special","Blue",58176,4497952,"TR.BLUE","COUPLE W. 3.2 STICK","£0.07"
"Bricks, Special","Blue",58176,4497952,"TR.BLUE","COUPLE W. 3.2 STICK","£0.07"
"Bricks, Special","Blue",58176,4497952,"TR.BLUE","COUPLE W. 3.2 STICK","£0.07"
"Bricks, Special","Blue",58176,4497952,"TR.BLUE","COUPLE W. 3.2 STICK","£0.07"
"Bricks, Special","Blue",58176,4497952,"TR.BLUE","COUPLE W. 3.2 STICK","£0.07"
"Bricks, Special","Blue",58176,4497952,"TR.BLUE","COUPLE W. 3.2 STICK","£0.07"
"Bricks, Special","Blue",58176,4497952,"TR.BLUE","COUPLE W. 3.2 STICK","£0.07"
"Bricks, Special","Blue",58176,4497952,"TR.BLUE","COUPLE W. 3.2 STICK","£0.07"
"Bricks, Special","Blue",58176,4497952,"TR.BLUE","COUPLE W. 3.2 STICK","£0.07"
"Bricks, Special","Blue",58176,4497952,"TR.BLUE","COUPLE W. 3.2 STICK","£0.07"
"Bricks, Special","Blue",58176,4497952,"TR.BLUE","COUPLE W. 3.2 STICK","£0.07"
"Bricks, Special","Blue",58176,4497952,"TR.BLUE","COUPLE W. 3.2 STICK","£0.07"
"Bricks, Special","Blue",58176,4497952,"TR.BLUE","COUPLE W. 3.2 STICK","£0.07"
"Bricks, Special","Blue",58176,4497952,"TR.BLUE","COUPLE W. 3.2 STICK","£0.07"
"Bricks, Special","Blue",58176,4497952,"TR.BLUE","COUPLE W. 3.2 STICK","£0.07"
"Bricks, Special","Blue",58176,4497952,"TR.BLUE","COUPLE W. 3.2 STICK","£0.07"
"Bricks, Special","Blue",62360,4550013,"TR.BLUE","COCKPIT W. BOW 3x6x1",
"Bricks, Special","Blue",64288,4567331,"TR.BLUE","NOSE CONE SMALL 1X1 - TR","£0.08"
"Bricks, Special","Blue",64288,4567331,"TR.BLUE","NOSE CONE SMALL 1X1 - TR","£0.08"
"Bricks, Special","Blue",64288,4567331,"TR.BLUE","NOSE CONE SMALL 1X1 - TR","£0.08"
"Bricks, Special","Blue",64288,4567331,"TR.BLUE","NOSE CONE SMALL 1X1 - TR","£0.08"
"Bricks, Special","Blue",64288,4567331,"TR.BLUE","NOSE CONE SMALL 1X1 - TR","£0.08"
"Bricks, Special","Blue",64288,4567331,"TR.BLUE","NOSE CONE SMALL 1X1 - TR","£0.08"
"Bricks, Special","Blue",64288,4567331,"TR.BLUE","NOSE CONE SMALL 1X1 - TR","£0.08"
"Bricks, Special","Blue",64288,4567331,"TR.BLUE","NOSE CONE SMALL 1X1 - TR","£0.08"
"Bricks, Special","Blue",64288,4567331,"TR.BLUE","NOSE CONE SMALL 1X1 - TR","£0.08"
"Bricks, Special","Blue",64288,4567331,"TR.BLUE","NOSE CONE SMALL 1X1 - TR","£0.08"
"Bricks, Special","Blue",64288,4567331,"TR.BLUE","NOSE CONE SMALL 1X1 - TR","£0.08"
"Bricks, Special","Blue",64288,4567331,"TR.BLUE","NOSE CONE SMALL 1X1 - TR","£0.08"
"Bricks, Special","Blue",64288,4567331,"TR.BLUE","NOSE CONE SMALL 1X1 - TR","£0.08"
"Bricks, Special","Blue",64288,4567331,"TR.BLUE","NOSE CONE SMALL 1X1 - TR","£0.08"
"Bricks, Special","Blue",64288,4567331,"TR.BLUE","NOSE CONE SMALL 1X1 - TR","£0.08"
"Bricks, Special","Blue",64288,4567331,"TR.BLUE","NOSE CONE SMALL 1X1 - TR","£0.08"
"Bricks, Special","Blue",64288,4567331,"TR.BLUE","NOSE CONE SMALL 1X1 - TR","£0.08"
"Bricks, Special","Blue",64288,4567331,"TR.BLUE","NOSE CONE SMALL 1X1 - TR","£0.08"
"Bricks, Special","Blue",64288,4567331,"TR.BLUE","NOSE CONE SMALL 1X1 - TR","£0.08"
"Bricks, Special","Blue",64288,4567331,"TR.BLUE","NOSE CONE SMALL 1X1 - TR","£0.08"
"Bricks, Special","Blue",64288,4567331,"TR.BLUE","NOSE CONE SMALL 1X1 - TR","£0.08"
"Bricks, Special","Blue",64288,4567331,"TR.BLUE","NOSE CONE SMALL 1X1 - TR","£0.08"
"Bricks, Special","Blue",64288,4567331,"TR.BLUE","NOSE CONE SMALL 1X1 - TR","£0.08"
"Bricks, Special","Blue",64288,4567331,"TR.BLUE","NOSE CONE SMALL 1X1 - TR","£0.08"
"Bricks, Special","Blue",64288,4567331,"TR.BLUE","NOSE CONE SMALL 1X1 - TR","£0.08"
"Bricks, Special","Blue",64288,4567331,"TR.BLUE","NOSE CONE SMALL 1X1 - TR","£0.08"
"Bricks, Special","Blue",64288,4567331,"TR.BLUE","NOSE CONE SMALL 1X1 - TR","£0.08"
"Bricks, Special","Blue",64288,4567331,"TR.BLUE","NOSE CONE SMALL 1X1 - TR","£0.08"
"Bricks, Special","Blue",64288,4567331,"TR.BLUE","NOSE CONE SMALL 1X1 - TR","£0.08"
"Bricks, Special","Blue",64288,4567331,"TR.BLUE","NOSE CONE SMALL 1X1 - TR","£0.08"
"Bricks, Special","Blue",64288,4567331,"TR.BLUE","NOSE CONE SMALL 1X1 - TR","£0.08"
"Bricks, Special","Blue",64288,4567331,"TR.BLUE","NOSE CONE SMALL 1X1 - TR","£0.08"
"Bricks, Special","Blue",64288,4567331,"TR.BLUE","NOSE CONE SMALL 1X1 - TR","£0.08"
"Bricks, Special","Blue",64288,4567331,"TR.BLUE","NOSE CONE SMALL 1X1 - TR","£0.08"
"Bricks, Special","Blue",64288,4567331,"TR.BLUE","NOSE CONE SMALL 1X1 - TR","£0.08"
"Bricks, Special","Blue",64288,4567331,"TR.BLUE","NOSE CONE SMALL 1X1 - TR","£0.08"
"Bricks, Special","Blue",64288,4567331,"TR.BLUE","NOSE CONE SMALL 1X1 - TR","£0.08"
"Bricks, Special","Blue",64288,4567331,"TR.BLUE","NOSE CONE SMALL 1X1 - TR","£0.08"
"Bricks, Special","Blue",64288,4567331,"TR.BLUE","NOSE CONE SMALL 1X1 - TR","£0.08"
"Bricks, Special","Blue",64288,4567331,"TR.BLUE","NOSE CONE SMALL 1X1 - TR","£0.08"
"Bricks, Special","Blue",64288,4567331,"TR.BLUE","NOSE CONE SMALL 1X1 - TR","£0.08"
"Bricks, Special","Blue",64288,4567331,"TR.BLUE","NOSE CONE SMALL 1X1 - TR","£0.08"
"Bricks, Special","Blue",64288,4567331,"TR.BLUE","NOSE CONE SMALL 1X1 - TR","£0.08"
"Bricks, Special","Blue",64288,4567331,"TR.BLUE","NOSE CONE SMALL 1X1 - TR","£0.08"
"Bricks, Special","Blue",64288,4567331,"TR.BLUE","NOSE CONE SMALL 1X1 - TR","£0.08"
"Bricks, Special","Blue",64288,4567331,"TR.BLUE","NOSE CONE SMALL 1X1 - TR","£0.08"
"Bricks, Special","Blue",64288,4567331,"TR.BLUE","NOSE CONE SMALL 1X1 - TR","£0.08"
"Bricks, Special","Blue",64288,4567331,"TR.BLUE","NOSE CONE SMALL 1X1 - TR","£0.08"
"Bricks, Special","Blue",64288,4567331,"TR.BLUE","NOSE CONE SMALL 1X1 - TR","£0.08"
"Bricks, Special","Blue",64288,4567331,"TR.BLUE","NOSE CONE SMALL 1X1 - TR","£0.08"
"Bricks, Special","Blue",64288,4567331,"TR.BLUE","NOSE CONE SMALL 1X1 - TR","£0.08"
"Bricks, Special","Blue",64288,4567331,"TR.BLUE","NOSE CONE SMALL 1X1 - TR","£0.08"
"Bricks, Special","Blue",64288,4567331,"TR.BLUE","NOSE CONE SMALL 1X1 - TR","£0.08"
"Bricks, Special","Blue",64288,4567331,"TR.BLUE","NOSE CONE SMALL 1X1 - TR","£0.08"
"Bricks, Special","Blue",64288,4567331,"TR.BLUE","NOSE CONE SMALL 1X1 - TR","£0.08"
"Bricks, Special","Blue",64288,4567331,"TR.BLUE","NOSE CONE SMALL 1X1 - TR","£0.08"
"Bricks, Special","Blue",64288,4567331,"TR.BLUE","NOSE CONE SMALL 1X1 - TR","£0.08"
"Bricks, Special","Blue",64288,4567331,"TR.BLUE","NOSE CONE SMALL 1X1 - TR","£0.08"
"Bricks, Special","Blue",64288,4567331,"TR.BLUE","NOSE CONE SMALL 1X1 - TR","£0.08"
"Bricks, Special","Blue",64288,4567331,"TR.BLUE","NOSE CONE SMALL 1X1 - TR","£0.08"
"Bricks, Special","Blue",64288,4567331,"TR.BLUE","NOSE CONE SMALL 1X1 - TR","£0.08"
"Bricks, Special","Blue",64288,4567331,"TR.BLUE","NOSE CONE SMALL 1X1 - TR","£0.08"
"Bricks, Special","Blue",64288,4567331,"TR.BLUE","NOSE CONE SMALL 1X1 - TR","£0.08"
"Bricks, Special","Blue",64288,4567331,"TR.BLUE","NOSE CONE SMALL 1X1 - TR","£0.08"
"Bricks, Special","Blue",64786,4541465,"TR.BLUE","ROCK MONSTER MINI ASSEMB.",
"Bricks, Special","Blue",64786,4541465,"TR.BLUE","ROCK MONSTER MINI ASSEMB.",
"Bricks, Special","Blue",64786,4541465,"TR.BLUE","ROCK MONSTER MINI ASSEMB.",
"Bricks, Special","Blue",85941,4547850,"TR.BLUE","WALL ELEMENT, ROUND 5X4X2 - TR","£0.92"
"Bricks, Special","Blue",85941,4547850,"TR.BLUE","WALL ELEMENT, ROUND 5X4X2 - TR","£0.92"
"Bricks, Special","Blue",86500,4567520,"TR.BLUE","DOME Ø32",
"Bricks, Special","Blue",86500,4567520,"TR.BLUE","DOME Ø32",
"Bricks, Special","Blue",86500,4567520,"TR.BLUE","DOME Ø32",
"Bricks, Special","Blue",88407,6000296,"TR.BLUE","MINI VISOR",
"Bricks, Special","Blue",89161,4570660,"TR.BLUE","TREASURE RING DECO NO. 4",
"Bricks, Special","Blue",89161,4570660,"TR.BLUE","TREASURE RING DECO NO. 4",
"Bricks, Special","Blue",89161,4570660,"TR.BLUE","TREASURE RING DECO NO. 4",
"Bricks","Blue",89462,4583325,"TR.BLUE","DUPLO BRICK 2X2,TRANSPARENT V2",
"Bricks, Special Circles And Angles","Blue",90641,6014004,"TR.BLUE","SHELL A 3M BALL SNAP Ø10.2",
"Bricks, Special","Blue",91143,4590989,"TR.BLUE","FLAT TILE 1X4 - TR.","£0.16"
"Bricks, Special","Blue",91143,4590989,"TR.BLUE","FLAT TILE 1X4 - TR.","£0.16"
"Bricks, Special","Blue",91143,4590989,"TR.BLUE","FLAT TILE 1X4 - TR.","£0.16"
"Bricks, Special","Blue",91143,4590989,"TR.BLUE","FLAT TILE 1X4 - TR.","£0.16"
"Bricks, Special","Blue",91143,4590989,"TR.BLUE","FLAT TILE 1X4 - TR.","£0.16"
"Bricks, Special","Blue",91143,4590989,"TR.BLUE","FLAT TILE 1X4 - TR.","£0.16"
"Bricks, Special","Blue",91143,4590989,"TR.BLUE","FLAT TILE 1X4 - TR.","£0.16"
"Bricks, Special","Blue",91143,4590989,"TR.BLUE","FLAT TILE 1X4 - TR.","£0.16"
"Bricks, Special","Blue",91143,4590989,"TR.BLUE","FLAT TILE 1X4 - TR.","£0.16"
"Bricks, Special","Blue",91143,4590989,"TR.BLUE","FLAT TILE 1X4 - TR.","£0.16"
"Bricks, Special","Blue",91143,4590989,"TR.BLUE","FLAT TILE 1X4 - TR.","£0.16"
"Bricks, Special","Blue",91143,4590989,"TR.BLUE","FLAT TILE 1X4 - TR.","£0.16"
"Bricks, Special","Blue",91143,4590989,"TR.BLUE","FLAT TILE 1X4 - TR.","£0.16"
"Bricks, Special","Blue",91143,4590989,"TR.BLUE","FLAT TILE 1X4 - TR.","£0.16"
"Bricks, Special","Blue",91143,4590989,"TR.BLUE","FLAT TILE 1X4 - TR.","£0.16"
"Bricks, Special","Blue",91143,4590989,"TR.BLUE","FLAT TILE 1X4 - TR.","£0.16"
"Bricks, Special","Blue",91143,4590989,"TR.BLUE","FLAT TILE 1X4 - TR.","£0.16"
"Bricks, Special","Blue",91143,4590989,"TR.BLUE","FLAT TILE 1X4 - TR.","£0.16"
"Bricks, Special","Blue",91143,4590989,"TR.BLUE","FLAT TILE 1X4 - TR.","£0.16"
"Bricks, Special","Blue",91143,4590989,"TR.BLUE","FLAT TILE 1X4 - TR.","£0.16"
"Bricks, Special","Blue",91143,4590989,"TR.BLUE","FLAT TILE 1X4 - TR.","£0.16"
"Bricks, Special","Blue",91143,4590989,"TR.BLUE","FLAT TILE 1X4 - TR.","£0.16"
"Bricks, Special","Blue",91143,4590989,"TR.BLUE","FLAT TILE 1X4 - TR.","£0.16"
"Bricks, Special","Blue",91143,4590989,"TR.BLUE","FLAT TILE 1X4 - TR.","£0.16"
"Bricks, Special","Blue",91143,4590989,"TR.BLUE","FLAT TILE 1X4 - TR.","£0.16"
"Bricks, Special","Blue",91143,4590989,"TR.BLUE","FLAT TILE 1X4 - TR.","£0.16"
"Bricks, Special","Blue",91143,4590989,"TR.BLUE","FLAT TILE 1X4 - TR.","£0.16"
"Bricks, Special","Blue",91143,4590989,"TR.BLUE","FLAT TILE 1X4 - TR.","£0.16"
"Bricks, Special","Blue",91143,4590989,"TR.BLUE","FLAT TILE 1X4 - TR.","£0.16"
"Bricks, Special","Blue",98138,4646861,"TR.BLUE","FLAT TILE 1X1, ROUND","£0.04"
"Bricks, Special","Blue",98138,4646861,"TR.BLUE","FLAT TILE 1X1, ROUND","£0.04"
"Bricks, Special","Blue",98138,4646861,"TR.BLUE","FLAT TILE 1X1, ROUND","£0.04"
"Bricks, Special","Blue",98138,4646861,"TR.BLUE","FLAT TILE 1X1, ROUND","£0.04"
"Bricks, Special","Blue",98138,4646861,"TR.BLUE","FLAT TILE 1X1, ROUND","£0.04"
"Bricks, Special","Blue",98138,4646861,"TR.BLUE","FLAT TILE 1X1, ROUND","£0.04"
"Bricks, Special","Blue",98138,4646861,"TR.BLUE","FLAT TILE 1X1, ROUND","£0.04"
"Bricks, Special","Blue",98138,4646861,"TR.BLUE","FLAT TILE 1X1, ROUND","£0.04"
"Bricks, Special","Blue",98138,4646861,"TR.BLUE","FLAT TILE 1X1, ROUND","£0.04"
"Bricks, Special","Blue",98138,4646861,"TR.BLUE","FLAT TILE 1X1, ROUND","£0.04"
"Bricks, Special","Blue",98138,4646861,"TR.BLUE","FLAT TILE 1X1, ROUND","£0.04"
"Bricks, Special","Blue",98138,4646861,"TR.BLUE","FLAT TILE 1X1, ROUND","£0.04"
"Bricks, Special","Blue",98138,4646861,"TR.BLUE","FLAT TILE 1X1, ROUND","£0.04"
"Bricks, Special","Blue",98138,4646861,"TR.BLUE","FLAT TILE 1X1, ROUND","£0.04"
"Bricks, Special","Blue",98138,4646861,"TR.BLUE","FLAT TILE 1X1, ROUND","£0.04"
"Bricks, Special","Blue",98138,4646861,"TR.BLUE","FLAT TILE 1X1, ROUND","£0.04"
"Bricks, Special","Blue",98138,4646861,"TR.BLUE","FLAT TILE 1X1, ROUND","£0.04"
"Bricks, Special","Blue",98138,4646861,"TR.BLUE","FLAT TILE 1X1, ROUND","£0.04"
"Bricks, Special","Blue",98138,4646861,"TR.BLUE","FLAT TILE 1X1, ROUND","£0.04"
"Bricks, Special","Blue",98138,4646861,"TR.BLUE","FLAT TILE 1X1, ROUND","£0.04"
"Bricks, Special","Blue",98138,4646861,"TR.BLUE","FLAT TILE 1X1, ROUND","£0.04"
"Bricks, Special","Blue",98138,4646861,"TR.BLUE","FLAT TILE 1X1, ROUND","£0.04"
"Bricks, Special","Blue",98138,4646861,"TR.BLUE","FLAT TILE 1X1, ROUND","£0.04"
"Bricks, Special","Blue",98138,4646861,"TR.BLUE","FLAT TILE 1X1, ROUND","£0.04"
"Bricks, Special","Blue",98138,4646861,"TR.BLUE","FLAT TILE 1X1, ROUND","£0.04"
"Bricks, Special","Blue",98138,4646861,"TR.BLUE","FLAT TILE 1X1, ROUND","£0.04"
"Bricks, Special","Blue",98138,4646861,"TR.BLUE","FLAT TILE 1X1, ROUND","£0.04"
"Bricks, Special","Blue",98138,4646861,"TR.BLUE","FLAT TILE 1X1, ROUND","£0.04"
"Bricks, Special","Blue",98138,4646861,"TR.BLUE","FLAT TILE 1X1, ROUND","£0.04"
"Bricks, Special","Blue",98138,4646861,"TR.BLUE","FLAT TILE 1X1, ROUND","£0.04"
"Bricks, Special","Blue",98138,4646861,"TR.BLUE","FLAT TILE 1X1, ROUND","£0.04"
"Bricks, Special","Blue",98138,4646861,"TR.BLUE","FLAT TILE 1X1, ROUND","£0.04"
"Bricks, Special","Blue",98138,4646861,"TR.BLUE","FLAT TILE 1X1, ROUND","£0.04"
"Bricks, Special","Blue",98138,4646861,"TR.BLUE","FLAT TILE 1X1, ROUND","£0.04"
"Bricks, Special","Blue",98138,4646861,"TR.BLUE","FLAT TILE 1X1, ROUND","£0.04"
"Bricks, Special","Blue",98138,4646861,"TR.BLUE","FLAT TILE 1X1, ROUND","£0.04"
"Bricks, Special","Blue",98138,4646861,"TR.BLUE","FLAT TILE 1X1, ROUND","£0.04"
"Bricks, Special","Blue",98138,4646861,"TR.BLUE","FLAT TILE 1X1, ROUND","£0.04"
"Bricks, Special","Blue",98138,4646861,"TR.BLUE","FLAT TILE 1X1, ROUND","£0.04"
"Bricks, Special","Blue",98138,4646861,"TR.BLUE","FLAT TILE 1X1, ROUND","£0.04"
"Bricks, Special","Blue",98138,4646861,"TR.BLUE","FLAT TILE 1X1, ROUND","£0.04"
"Bricks, Special","Blue",98138,4646861,"TR.BLUE","FLAT TILE 1X1, ROUND","£0.04"
"Bricks, Special","Blue",98138,4646861,"TR.BLUE","FLAT TILE 1X1, ROUND","£0.04"
"Bricks, Special","Blue",98138,4646861,"TR.BLUE","FLAT TILE 1X1, ROUND","£0.04"
"Bricks, Special","Blue",98138,4646861,"TR.BLUE","FLAT TILE 1X1, ROUND","£0.04"
"Bricks, Special","Blue",98138,4646861,"TR.BLUE","FLAT TILE 1X1, ROUND","£0.04"
"Bricks, Special","Blue",98138,4646861,"TR.BLUE","FLAT TILE 1X1, ROUND","£0.04"
"Bricks, Special","Blue",98138,4646861,"TR.BLUE","FLAT TILE 1X1, ROUND","£0.04"
"Bricks, Special","Blue",98138,4646861,"TR.BLUE","FLAT TILE 1X1, ROUND","£0.04"
"Bricks, Special","Blue",98138,4646861,"TR.BLUE","FLAT TILE 1X1, ROUND","£0.04"
"Bricks, Special","Blue",98138,4646861,"TR.BLUE","FLAT TILE 1X1, ROUND","£0.04"
"Bricks, Special","Blue",98138,4646861,"TR.BLUE","FLAT TILE 1X1, ROUND","£0.04"
"Bricks, Special","Blue",98138,4646861,"TR.BLUE","FLAT TILE 1X1, ROUND","£0.04"
"Bricks, Special","Blue",98138,4646861,"TR.BLUE","FLAT TILE 1X1, ROUND","£0.04"
"Bricks, Special","Blue",98138,4646861,"TR.BLUE","FLAT TILE 1X1, ROUND","£0.04"
"Bricks, Special","Blue",98138,4646861,"TR.BLUE","FLAT TILE 1X1, ROUND","£0.04"
"Bricks, Special","Blue",98138,4646861,"TR.BLUE","FLAT TILE 1X1, ROUND","£0.04"
"Bricks, Special","Blue",98138,4646861,"TR.BLUE","FLAT TILE 1X1, ROUND","£0.04"
"Bricks, Special","Blue",98138,4646861,"TR.BLUE","FLAT TILE 1X1, ROUND","£0.04"
"Bricks, Special","Blue",98138,4646861,"TR.BLUE","FLAT TILE 1X1, ROUND","£0.04"
"Bricks, Special","Blue",98354,6004318,"TR.BLUE","SPINNER Ø47.79 GEN. NO. 18",
"Bricks, Special","Blue",99973,4653400,"TR.BLUE","FLAT TILE 1X1, ROUND ""NO. 2""",
"Bricks, Special","Blue",99973,4653400,"TR.BLUE","FLAT TILE 1X1, ROUND ""NO. 2""",
"Bricks, Special","Blue",99973,4653400,"TR.BLUE","FLAT TILE 1X1, ROUND ""NO. 2""",
"Bricks, Special","Blue",99973,4653400,"TR.BLUE","FLAT TILE 1X1, ROUND ""NO. 2""",